"","names"
"1","OTU_4272"
"2","OTU_236"
"3","OTU_399"
"4","OTU_1556"
"5","OTU_32"
"6","OTU_706"
"7","OTU_2246"
"8","OTU_3692"
"9","OTU_5342"
"10","OTU_50"
"11","OTU_8058"
"12","OTU_7152"
"13","OTU_999"
"14","OTU_3650"
"15","OTU_305"
"16","OTU_11016"
"17","OTU_13742"
"18","OTU_4502"
"19","OTU_5248"
"20","OTU_408"
"21","OTU_4558"
"22","OTU_4474"
"23","OTU_4716"
"24","OTU_5004"
"25","OTU_6426"
"26","OTU_3449"
"27","OTU_10128"
"28","OTU_75"
"29","OTU_2069"
"30","OTU_356"
"31","OTU_825"
"32","OTU_4105"
"33","OTU_2526"
"34","OTU_482"
"35","OTU_13756"
"36","OTU_7092"
"37","OTU_4276"
"38","OTU_1"
"39","OTU_2268"
"40","OTU_6141"
"41","OTU_3095"
"42","OTU_296"
"43","OTU_2883"
"44","OTU_3998"
"45","OTU_1515"
"46","OTU_6339"
"47","OTU_13667"
"48","OTU_1952"
"49","OTU_3897"
"50","OTU_7112"
"51","OTU_791"
"52","OTU_5644"
"53","OTU_1628"
"54","OTU_4304"
"55","OTU_41"
"56","OTU_59"
"57","OTU_792"
"58","OTU_2733"
"59","OTU_1844"
"60","OTU_609"
"61","OTU_2563"
"62","OTU_6273"
"63","OTU_1069"
"64","OTU_5789"
"65","OTU_6231"
"66","OTU_2753"
"67","OTU_3210"
"68","OTU_2811"
"69","OTU_5031"
"70","OTU_3989"
"71","OTU_4050"
"72","OTU_52"
"73","OTU_9583"
"74","OTU_6499"
"75","OTU_4147"
"76","OTU_286"
"77","OTU_23"
"78","OTU_4672"
"79","OTU_2"
"80","OTU_2399"
"81","OTU_684"
"82","OTU_9721"
"83","OTU_36"
"84","OTU_2853"
"85","OTU_161"
"86","OTU_2335"
"87","OTU_1761"
"88","OTU_13614"
"89","OTU_7321"
"90","OTU_6210"
"91","OTU_2721"
"92","OTU_192"
"93","OTU_3056"
"94","OTU_9188"
"95","OTU_12498"
"96","OTU_171"
"97","OTU_471"
"98","OTU_4607"
"99","OTU_1230"
"100","OTU_5549"
"101","OTU_2714"
"102","OTU_3620"
"103","OTU_3"
"104","OTU_12367"
"105","OTU_7074"
"106","OTU_605"
"107","OTU_2808"
"108","OTU_13923"
"109","OTU_94"
"110","OTU_1805"
"111","OTU_123"
"112","OTU_859"
"113","OTU_2317"
"114","OTU_6062"
"115","OTU_1646"
"116","OTU_387"
"117","OTU_5862"
"118","OTU_37"
"119","OTU_5586"
"120","OTU_4302"
"121","OTU_3060"
"122","OTU_7055"
"123","OTU_14201"
"124","OTU_2859"
"125","OTU_2653"
"126","OTU_1494"
"127","OTU_993"
"128","OTU_5177"
"129","OTU_575"
"130","OTU_4513"
"131","OTU_12911"
"132","OTU_3800"
"133","OTU_12389"
"134","OTU_2480"
"135","OTU_4307"
"136","OTU_8662"
"137","OTU_3827"
"138","OTU_592"
"139","OTU_243"
"140","OTU_1344"
"141","OTU_2980"
"142","OTU_359"
"143","OTU_2426"
"144","OTU_5371"
"145","OTU_550"
"146","OTU_1127"
"147","OTU_8760"
"148","OTU_2593"
"149","OTU_1486"
"150","OTU_7903"
"151","OTU_5089"
"152","OTU_5"
"153","OTU_13495"
"154","OTU_55"
"155","OTU_12273"
"156","OTU_10146"
"157","OTU_1013"
"158","OTU_6051"
"159","OTU_1378"
"160","OTU_1045"
"161","OTU_6020"
"162","OTU_84"
"163","OTU_3940"
"164","OTU_157"
"165","OTU_13491"
"166","OTU_10153"
"167","OTU_3693"
"168","OTU_3850"
"169","OTU_5333"
"170","OTU_31"
"171","OTU_3303"
"172","OTU_22"
"173","OTU_8229"
"174","OTU_1362"
"175","OTU_12963"
"176","OTU_1579"
"177","OTU_4580"
"178","OTU_2446"
"179","OTU_1521"
"180","OTU_2771"
"181","OTU_3302"
"182","OTU_4644"
"183","OTU_104"
"184","OTU_1067"
"185","OTU_16"
"186","OTU_1699"
"187","OTU_5166"
"188","OTU_231"
"189","OTU_13891"
"190","OTU_5995"
"191","OTU_515"
"192","OTU_377"
"193","OTU_3457"
"194","OTU_14000"
"195","OTU_1571"
"196","OTU_402"
"197","OTU_6040"
"198","OTU_255"
"199","OTU_1101"
"200","OTU_2951"
"201","OTU_518"
"202","OTU_1652"
"203","OTU_12"
"204","OTU_443"
"205","OTU_800"
"206","OTU_13640"
"207","OTU_14008"
"208","OTU_1150"
"209","OTU_4673"
"210","OTU_124"
"211","OTU_3740"
"212","OTU_5305"
"213","OTU_13964"
"214","OTU_1330"
"215","OTU_919"
"216","OTU_12398"
"217","OTU_5791"
"218","OTU_4353"
"219","OTU_470"
"220","OTU_1342"
"221","OTU_1719"
"222","OTU_13785"
"223","OTU_1336"
"224","OTU_2519"
"225","OTU_7611"
"226","OTU_5558"
"227","OTU_6760"
"228","OTU_8774"
"229","OTU_7034"
"230","OTU_4095"
"231","OTU_8369"
"232","OTU_4761"
"233","OTU_6309"
"234","OTU_332"
"235","OTU_2511"
"236","OTU_1007"
"237","OTU_1070"
"238","OTU_476"
"239","OTU_7066"
"240","OTU_1776"
"241","OTU_8"
"242","OTU_117"
"243","OTU_169"
"244","OTU_10850"
"245","OTU_3028"
"246","OTU_1118"
"247","OTU_9930"
"248","OTU_2528"
"249","OTU_950"
"250","OTU_6240"
"251","OTU_10487"
"252","OTU_297"
"253","OTU_8459"
"254","OTU_2691"
"255","OTU_15"
"256","OTU_2621"
"257","OTU_8485"
"258","OTU_19"
"259","OTU_833"
"260","OTU_617"
"261","OTU_4282"
"262","OTU_5318"
"263","OTU_3354"
"264","OTU_14266"
"265","OTU_4677"
"266","OTU_1425"
"267","OTU_2420"
"268","OTU_2326"
"269","OTU_1068"
"270","OTU_9314"
"271","OTU_2901"
"272","OTU_388"
"273","OTU_3437"
"274","OTU_9924"
"275","OTU_3107"
"276","OTU_4795"
"277","OTU_8371"
"278","OTU_416"
"279","OTU_1667"
"280","OTU_5604"
"281","OTU_2869"
"282","OTU_5918"
"283","OTU_1270"
"284","OTU_318"
"285","OTU_2042"
"286","OTU_819"
"287","OTU_2277"
"288","OTU_3438"
"289","OTU_195"
"290","OTU_1134"
"291","OTU_3233"
"292","OTU_11038"
"293","OTU_5264"
"294","OTU_3808"
"295","OTU_977"
"296","OTU_7413"
"297","OTU_11210"
"298","OTU_214"
"299","OTU_11981"
"300","OTU_826"
"301","OTU_5028"
"302","OTU_2395"
"303","OTU_3075"
"304","OTU_6155"
"305","OTU_6630"
"306","OTU_3775"
"307","OTU_12811"
"308","OTU_7"
"309","OTU_2926"
"310","OTU_2766"
"311","OTU_65"
"312","OTU_9597"
"313","OTU_7078"
"314","OTU_1055"
"315","OTU_7712"
"316","OTU_8077"
"317","OTU_1499"
"318","OTU_10127"
"319","OTU_1036"
"320","OTU_2270"
"321","OTU_1580"
"322","OTU_175"
"323","OTU_97"
"324","OTU_5954"
"325","OTU_497"
"326","OTU_4971"
"327","OTU_1972"
"328","OTU_832"
"329","OTU_210"
"330","OTU_5816"
"331","OTU_11690"
"332","OTU_449"
"333","OTU_303"
"334","OTU_91"
"335","OTU_4060"
"336","OTU_25"
"337","OTU_6091"
"338","OTU_2982"
"339","OTU_4309"
"340","OTU_395"
"341","OTU_153"
"342","OTU_5873"
"343","OTU_810"
"344","OTU_4706"
"345","OTU_14040"
"346","OTU_5380"
"347","OTU_5553"
"348","OTU_434"
"349","OTU_11229"
"350","OTU_233"
"351","OTU_11779"
"352","OTU_3464"
"353","OTU_118"
"354","OTU_1698"
"355","OTU_4184"
"356","OTU_10064"
"357","OTU_7154"
"358","OTU_631"
"359","OTU_3878"
"360","OTU_27"
"361","OTU_2019"
"362","OTU_5105"
"363","OTU_9913"
"364","OTU_2056"
"365","OTU_5341"
"366","OTU_729"
"367","OTU_217"
"368","OTU_6132"
"369","OTU_2457"
"370","OTU_2866"
"371","OTU_5283"
"372","OTU_12974"
"373","OTU_1629"
"374","OTU_3999"
"375","OTU_798"
"376","OTU_10741"
"377","OTU_3677"
"378","OTU_7758"
"379","OTU_1339"
"380","OTU_928"
"381","OTU_6890"
"382","OTU_6135"
"383","OTU_9870"
"384","OTU_5851"
"385","OTU_262"
"386","OTU_748"
"387","OTU_620"
"388","OTU_2229"
"389","OTU_2648"
"390","OTU_6283"
"391","OTU_4691"
"392","OTU_2411"
"393","OTU_9401"
"394","OTU_1950"
"395","OTU_4702"
"396","OTU_10769"
"397","OTU_4973"
"398","OTU_4001"
"399","OTU_13824"
"400","OTU_629"
"401","OTU_6532"
"402","OTU_2863"
"403","OTU_1481"
"404","OTU_5387"
"405","OTU_102"
"406","OTU_392"
"407","OTU_6268"
"408","OTU_2810"
"409","OTU_7472"
"410","OTU_10052"
"411","OTU_2697"
"412","OTU_9381"
"413","OTU_973"
"414","OTU_591"
"415","OTU_9397"
"416","OTU_6910"
"417","OTU_988"
"418","OTU_994"
"419","OTU_7791"
"420","OTU_3535"
"421","OTU_4707"
"422","OTU_1309"
"423","OTU_5117"
"424","OTU_1634"
"425","OTU_9411"
"426","OTU_13637"
"427","OTU_11670"
"428","OTU_5120"
"429","OTU_1834"
"430","OTU_677"
"431","OTU_2346"
"432","OTU_12027"
"433","OTU_3147"
"434","OTU_78"
"435","OTU_5083"
"436","OTU_912"
"437","OTU_737"
"438","OTU_3081"
"439","OTU_218"
"440","OTU_875"
"441","OTU_9963"
"442","OTU_10923"
"443","OTU_6698"
"444","OTU_6335"
"445","OTU_14304"
"446","OTU_3516"
"447","OTU_12340"
"448","OTU_54"
"449","OTU_181"
"450","OTU_9807"
"451","OTU_3906"
"452","OTU_1266"
"453","OTU_421"
"454","OTU_310"
"455","OTU_331"
"456","OTU_2708"
"457","OTU_4619"
"458","OTU_10319"
"459","OTU_6274"
"460","OTU_8699"
"461","OTU_1665"
"462","OTU_9784"
"463","OTU_2885"
"464","OTU_3425"
"465","OTU_3537"
"466","OTU_14032"
"467","OTU_5125"
"468","OTU_5595"
"469","OTU_2116"
"470","OTU_7853"
"471","OTU_8491"
"472","OTU_1767"
"473","OTU_7109"
"474","OTU_4287"
"475","OTU_9520"
"476","OTU_4860"
"477","OTU_1779"
"478","OTU_8848"
"479","OTU_5715"
"480","OTU_1535"
"481","OTU_12809"
"482","OTU_1686"
"483","OTU_5870"
"484","OTU_6518"
"485","OTU_79"
"486","OTU_466"
"487","OTU_5222"
"488","OTU_2047"
"489","OTU_5169"
"490","OTU_152"
"491","OTU_11829"
"492","OTU_12033"
"493","OTU_3817"
"494","OTU_1751"
"495","OTU_2382"
"496","OTU_526"
"497","OTU_13719"
"498","OTU_9363"
"499","OTU_7917"
"500","OTU_8780"
"501","OTU_2839"
"502","OTU_1289"
"503","OTU_5888"
"504","OTU_2161"
"505","OTU_5400"
"506","OTU_151"
"507","OTU_1187"
"508","OTU_730"
"509","OTU_10281"
"510","OTU_3242"
"511","OTU_3436"
"512","OTU_441"
"513","OTU_5487"
"514","OTU_7766"
"515","OTU_442"
"516","OTU_2263"
"517","OTU_1011"
"518","OTU_6409"
"519","OTU_12059"
"520","OTU_275"
"521","OTU_3349"
"522","OTU_105"
"523","OTU_5304"
"524","OTU_5517"
"525","OTU_7540"
"526","OTU_11547"
"527","OTU_17"
"528","OTU_4630"
"529","OTU_2562"
"530","OTU_2820"
"531","OTU_13025"
"532","OTU_7268"
"533","OTU_5883"
"534","OTU_109"
"535","OTU_7101"
"536","OTU_619"
"537","OTU_4639"
"538","OTU_10930"
"539","OTU_2523"
"540","OTU_4600"
"541","OTU_7676"
"542","OTU_6539"
"543","OTU_1641"
"544","OTU_2499"
"545","OTU_6037"
"546","OTU_8365"
"547","OTU_4281"
"548","OTU_13220"
"549","OTU_2749"
"550","OTU_4731"
"551","OTU_6988"
"552","OTU_504"
"553","OTU_11191"
"554","OTU_3030"
"555","OTU_4914"
"556","OTU_5210"
"557","OTU_2601"
"558","OTU_8533"
"559","OTU_7729"
"560","OTU_1693"
"561","OTU_897"
"562","OTU_204"
"563","OTU_1095"
"564","OTU_8509"
"565","OTU_2034"
"566","OTU_5849"
"567","OTU_4594"
"568","OTU_1856"
"569","OTU_2814"
"570","OTU_5401"
"571","OTU_4009"
"572","OTU_1852"
"573","OTU_326"
"574","OTU_6657"
"575","OTU_13415"
"576","OTU_2681"
"577","OTU_1295"
"578","OTU_5072"
"579","OTU_9730"
"580","OTU_926"
"581","OTU_1795"
"582","OTU_545"
"583","OTU_13858"
"584","OTU_2916"
"585","OTU_361"
"586","OTU_5365"
"587","OTU_5123"
"588","OTU_590"
"589","OTU_582"
"590","OTU_8921"
"591","OTU_2409"
"592","OTU_7407"
"593","OTU_2704"
"594","OTU_2768"
"595","OTU_440"
"596","OTU_6422"
"597","OTU_403"
"598","OTU_3860"
"599","OTU_4383"
"600","OTU_3470"
"601","OTU_6292"
"602","OTU_2443"
"603","OTU_35"
"604","OTU_4882"
"605","OTU_131"
"606","OTU_8401"
"607","OTU_13043"
"608","OTU_300"
"609","OTU_13944"
"610","OTU_136"
"611","OTU_3959"
"612","OTU_3361"
"613","OTU_193"
"614","OTU_10729"
"615","OTU_10721"
"616","OTU_339"
"617","OTU_6"
"618","OTU_9103"
"619","OTU_2952"
"620","OTU_334"
"621","OTU_2088"
"622","OTU_5988"
"623","OTU_806"
"624","OTU_1202"
"625","OTU_5186"
"626","OTU_7645"
"627","OTU_10069"
"628","OTU_1600"
"629","OTU_1252"
"630","OTU_6542"
"631","OTU_70"
"632","OTU_778"
"633","OTU_220"
"634","OTU_1254"
"635","OTU_11106"
"636","OTU_2312"
"637","OTU_4668"
"638","OTU_1358"
"639","OTU_4665"
"640","OTU_9903"
"641","OTU_6613"
"642","OTU_11799"
"643","OTU_145"
"644","OTU_1475"
"645","OTU_2873"
"646","OTU_1177"
"647","OTU_2835"
"648","OTU_4311"
"649","OTU_632"
"650","OTU_7705"
"651","OTU_432"
"652","OTU_439"
"653","OTU_1313"
"654","OTU_1979"
"655","OTU_934"
"656","OTU_3481"
"657","OTU_5654"
"658","OTU_5143"
"659","OTU_923"
"660","OTU_13744"
"661","OTU_14011"
"662","OTU_86"
"663","OTU_1505"
"664","OTU_1909"
"665","OTU_10864"
"666","OTU_1034"
"667","OTU_6394"
"668","OTU_96"
"669","OTU_8844"
"670","OTU_4750"
"671","OTU_7341"
"672","OTU_4653"
"673","OTU_1071"
"674","OTU_4453"
"675","OTU_5500"
"676","OTU_6458"
"677","OTU_3224"
"678","OTU_1421"
"679","OTU_4802"
"680","OTU_11378"
"681","OTU_1037"
"682","OTU_4666"
"683","OTU_483"
"684","OTU_2516"
"685","OTU_2288"
"686","OTU_1212"
"687","OTU_2128"
"688","OTU_1427"
"689","OTU_4114"
"690","OTU_1713"
"691","OTU_1190"
"692","OTU_7032"
"693","OTU_2390"
"694","OTU_13036"
"695","OTU_1653"
"696","OTU_491"
"697","OTU_611"
"698","OTU_773"
"699","OTU_971"
"700","OTU_49"
"701","OTU_11"
"702","OTU_1364"
"703","OTU_2744"
"704","OTU_6142"
"705","OTU_2566"
"706","OTU_7651"
"707","OTU_372"
"708","OTU_10811"
"709","OTU_768"
"710","OTU_3032"
"711","OTU_2293"
"712","OTU_5153"
"713","OTU_101"
"714","OTU_6628"
"715","OTU_809"
"716","OTU_1052"
"717","OTU_3472"
"718","OTU_12265"
"719","OTU_4741"
"720","OTU_241"
"721","OTU_18"
"722","OTU_9915"
"723","OTU_5392"
"724","OTU_9894"
"725","OTU_9662"
"726","OTU_12816"
"727","OTU_72"
"728","OTU_9462"
"729","OTU_6151"
"730","OTU_1937"
"731","OTU_13027"
"732","OTU_5788"
"733","OTU_390"
"734","OTU_2350"
"735","OTU_3314"
"736","OTU_3652"
"737","OTU_753"
"738","OTU_7408"
"739","OTU_11616"
"740","OTU_623"
"741","OTU_1227"
"742","OTU_5284"
"743","OTU_444"
"744","OTU_12948"
"745","OTU_2207"
"746","OTU_5813"
"747","OTU_4397"
"748","OTU_6595"
"749","OTU_1990"
"750","OTU_3108"
"751","OTU_4689"
"752","OTU_8540"
"753","OTU_7018"
"754","OTU_1601"
"755","OTU_1673"
"756","OTU_409"
"757","OTU_4984"
"758","OTU_12178"
"759","OTU_2213"
"760","OTU_293"
"761","OTU_4813"
"762","OTU_7148"
"763","OTU_1759"
"764","OTU_13670"
"765","OTU_1933"
"766","OTU_12322"
"767","OTU_983"
"768","OTU_3460"
"769","OTU_2725"
"770","OTU_6928"
"771","OTU_8015"
"772","OTU_5429"
"773","OTU_2011"
"774","OTU_8042"
"775","OTU_8398"
"776","OTU_2875"
"777","OTU_5262"
"778","OTU_769"
"779","OTU_6084"
"780","OTU_1772"
"781","OTU_5388"
"782","OTU_5951"
"783","OTU_5770"
"784","OTU_1620"
"785","OTU_247"
"786","OTU_6582"
"787","OTU_1403"
"788","OTU_238"
"789","OTU_14127"
"790","OTU_12152"
"791","OTU_4825"
"792","OTU_346"
"793","OTU_1394"
"794","OTU_5915"
"795","OTU_5978"
"796","OTU_11209"
"797","OTU_10312"
"798","OTU_13324"
"799","OTU_13848"
"800","OTU_139"
"801","OTU_1322"
"802","OTU_183"
"803","OTU_10287"
"804","OTU_726"
"805","OTU_2852"
"806","OTU_3642"
"807","OTU_656"
"808","OTU_391"
"809","OTU_2057"
"810","OTU_4248"
"811","OTU_13825"
"812","OTU_289"
"813","OTU_2884"
"814","OTU_12050"
"815","OTU_1426"
"816","OTU_254"
"817","OTU_11822"
"818","OTU_13016"
"819","OTU_4955"
"820","OTU_10246"
"821","OTU_4556"
"822","OTU_1960"
"823","OTU_8350"
"824","OTU_2348"
"825","OTU_1221"
"826","OTU_2535"
"827","OTU_12287"
"828","OTU_382"
"829","OTU_933"
"830","OTU_40"
"831","OTU_1516"
"832","OTU_10832"
"833","OTU_2907"
"834","OTU_8882"
"835","OTU_6059"
"836","OTU_6308"
"837","OTU_4837"
"838","OTU_484"
"839","OTU_3895"
"840","OTU_6889"
"841","OTU_4180"
"842","OTU_1907"
"843","OTU_13721"
"844","OTU_703"
"845","OTU_818"
"846","OTU_673"
"847","OTU_13562"
"848","OTU_144"
"849","OTU_393"
"850","OTU_4427"
"851","OTU_3309"
"852","OTU_5492"
"853","OTU_1081"
"854","OTU_6967"
"855","OTU_10898"
"856","OTU_3010"
"857","OTU_14006"
"858","OTU_11861"
"859","OTU_8139"
"860","OTU_2797"
"861","OTU_11590"
"862","OTU_294"
"863","OTU_1462"
"864","OTU_827"
"865","OTU_1180"
"866","OTU_10089"
"867","OTU_7057"
"868","OTU_523"
"869","OTU_146"
"870","OTU_6376"
"871","OTU_5277"
"872","OTU_1349"
"873","OTU_67"
"874","OTU_327"
"875","OTU_4838"
"876","OTU_1973"
"877","OTU_8762"
"878","OTU_8050"
"879","OTU_3839"
"880","OTU_2532"
"881","OTU_2021"
"882","OTU_4682"
"883","OTU_13548"
"884","OTU_283"
"885","OTU_3477"
"886","OTU_1235"
"887","OTU_7883"
"888","OTU_724"
"889","OTU_8220"
"890","OTU_3016"
"891","OTU_9122"
"892","OTU_459"
"893","OTU_4104"
"894","OTU_1733"
"895","OTU_415"
"896","OTU_834"
"897","OTU_1644"
"898","OTU_83"
"899","OTU_5295"
"900","OTU_7837"
"901","OTU_127"
"902","OTU_6529"
"903","OTU_689"
"904","OTU_1958"
"905","OTU_5386"
"906","OTU_966"
"907","OTU_2908"
"908","OTU_2483"
"909","OTU_839"
"910","OTU_10781"
"911","OTU_8891"
"912","OTU_2711"
"913","OTU_4116"
"914","OTU_4065"
"915","OTU_7663"
"916","OTU_226"
"917","OTU_5835"
"918","OTU_10325"
"919","OTU_8785"
"920","OTU_5141"
"921","OTU_1871"
"922","OTU_2077"
"923","OTU_1920"
"924","OTU_6334"
"925","OTU_9697"
"926","OTU_6607"
"927","OTU_465"
"928","OTU_9292"
"929","OTU_11912"
"930","OTU_3409"
"931","OTU_10307"
"932","OTU_1816"
"933","OTU_9971"
"934","OTU_5989"
"935","OTU_2434"
"936","OTU_2352"
"937","OTU_10648"
"938","OTU_565"
"939","OTU_2809"
"940","OTU_115"
"941","OTU_9150"
"942","OTU_3833"
"943","OTU_2903"
"944","OTU_6035"
"945","OTU_7659"
"946","OTU_1217"
"947","OTU_1090"
"948","OTU_8510"
"949","OTU_9346"
"950","OTU_1060"
"951","OTU_5710"
"952","OTU_2334"
"953","OTU_1520"
"954","OTU_130"
"955","OTU_2845"
"956","OTU_12100"
"957","OTU_1092"
"958","OTU_253"
"959","OTU_5908"
"960","OTU_5807"
"961","OTU_13779"
"962","OTU_5250"
"963","OTU_4545"
"964","OTU_4849"
"965","OTU_1701"
"966","OTU_8667"
"967","OTU_1387"
"968","OTU_1201"
"969","OTU_10269"
"970","OTU_2533"
"971","OTU_4510"
"972","OTU_4070"
"973","OTU_2738"
"974","OTU_371"
"975","OTU_13400"
"976","OTU_13309"
"977","OTU_2251"
"978","OTU_1126"
"979","OTU_1599"
"980","OTU_9715"
"981","OTU_6780"
"982","OTU_1614"
"983","OTU_921"
"984","OTU_9361"
"985","OTU_1291"
"986","OTU_12114"
"987","OTU_4602"
"988","OTU_11936"
"989","OTU_3902"
"990","OTU_4315"
"991","OTU_8841"
"992","OTU_6947"
"993","OTU_4956"
"994","OTU_1017"
"995","OTU_199"
"996","OTU_578"
"997","OTU_9654"
"998","OTU_13755"
"999","OTU_4684"
"1000","OTU_8764"
"1001","OTU_5219"
"1002","OTU_12701"
"1003","OTU_11968"
"1004","OTU_9686"
"1005","OTU_1244"
"1006","OTU_3754"
"1007","OTU_11638"
"1008","OTU_2971"
"1009","OTU_1863"
"1010","OTU_3155"
"1011","OTU_3930"
"1012","OTU_6837"
"1013","OTU_5872"
"1014","OTU_12740"
"1015","OTU_6336"
"1016","OTU_6065"
"1017","OTU_284"
"1018","OTU_1143"
"1019","OTU_1712"
"1020","OTU_5997"
"1021","OTU_380"
"1022","OTU_10367"
"1023","OTU_1302"
"1024","OTU_14288"
"1025","OTU_8281"
"1026","OTU_1588"
"1027","OTU_5573"
"1028","OTU_5498"
"1029","OTU_4767"
"1030","OTU_4605"
"1031","OTU_716"
"1032","OTU_7759"
"1033","OTU_4566"
"1034","OTU_7991"
"1035","OTU_12812"
"1036","OTU_7106"
"1037","OTU_7859"
"1038","OTU_1745"
"1039","OTU_6013"
"1040","OTU_10517"
"1041","OTU_11683"
"1042","OTU_82"
"1043","OTU_496"
"1044","OTU_2431"
"1045","OTU_1086"
"1046","OTU_363"
"1047","OTU_3485"
"1048","OTU_1012"
"1049","OTU_14163"
"1050","OTU_9449"
"1051","OTU_5244"
"1052","OTU_781"
"1053","OTU_341"
"1054","OTU_8545"
"1055","OTU_1550"
"1056","OTU_10022"
"1057","OTU_1573"
"1058","OTU_1453"
"1059","OTU_640"
"1060","OTU_7358"
"1061","OTU_1879"
"1062","OTU_6220"
"1063","OTU_1655"
"1064","OTU_4688"
"1065","OTU_11127"
"1066","OTU_1785"
"1067","OTU_8447"
"1068","OTU_494"
"1069","OTU_3052"
"1070","OTU_4651"
"1071","OTU_5977"
"1072","OTU_148"
"1073","OTU_10094"
"1074","OTU_1333"
"1075","OTU_367"
"1076","OTU_10222"
"1077","OTU_8517"
"1078","OTU_2109"
"1079","OTU_2500"
"1080","OTU_12209"
"1081","OTU_965"
"1082","OTU_701"
"1083","OTU_10607"
"1084","OTU_88"
"1085","OTU_3720"
"1086","OTU_5135"
"1087","OTU_4053"
"1088","OTU_868"
"1089","OTU_8651"
"1090","OTU_6531"
"1091","OTU_2297"
"1092","OTU_6042"
"1093","OTU_9133"
"1094","OTU_1878"
"1095","OTU_9335"
"1096","OTU_6206"
"1097","OTU_4640"
"1098","OTU_6793"
"1099","OTU_6960"
"1100","OTU_13771"
"1101","OTU_6584"
"1102","OTU_10201"
"1103","OTU_12983"
"1104","OTU_467"
"1105","OTU_4291"
"1106","OTU_3879"
"1107","OTU_6804"
"1108","OTU_2484"
"1109","OTU_5453"
"1110","OTU_5292"
"1111","OTU_13463"
"1112","OTU_13794"
"1113","OTU_5293"
"1114","OTU_12095"
"1115","OTU_8854"
"1116","OTU_308"
"1117","OTU_1946"
"1118","OTU_2701"
"1119","OTU_5493"
"1120","OTU_6122"
"1121","OTU_2086"
"1122","OTU_4943"
"1123","OTU_11791"
"1124","OTU_1697"
"1125","OTU_2552"
"1126","OTU_3144"
"1127","OTU_6865"
"1128","OTU_3936"
"1129","OTU_6589"
"1130","OTU_7089"
"1131","OTU_4159"
"1132","OTU_2010"
"1133","OTU_1406"
"1134","OTU_7065"
"1135","OTU_194"
"1136","OTU_1389"
"1137","OTU_9845"
"1138","OTU_1647"
"1139","OTU_1519"
"1140","OTU_3673"
"1141","OTU_3943"
"1142","OTU_6382"
"1143","OTU_6979"
"1144","OTU_2918"
"1145","OTU_2024"
"1146","OTU_952"
"1147","OTU_764"
"1148","OTU_6449"
"1149","OTU_10501"
"1150","OTU_2184"
"1151","OTU_5067"
"1152","OTU_13796"
"1153","OTU_6270"
"1154","OTU_114"
"1155","OTU_9824"
"1156","OTU_9511"
"1157","OTU_3141"
"1158","OTU_6579"
"1159","OTU_12826"
"1160","OTU_543"
"1161","OTU_3413"
"1162","OTU_747"
"1163","OTU_2148"
"1164","OTU_165"
"1165","OTU_1164"
"1166","OTU_9145"
"1167","OTU_698"
"1168","OTU_9021"
"1169","OTU_10417"
"1170","OTU_6410"
"1171","OTU_357"
"1172","OTU_4692"
"1173","OTU_3749"
"1174","OTU_5174"
"1175","OTU_7124"
"1176","OTU_1956"
"1177","OTU_1275"
"1178","OTU_12244"
"1179","OTU_1804"
"1180","OTU_511"
"1181","OTU_2496"
"1182","OTU_8663"
"1183","OTU_2394"
"1184","OTU_7897"
"1185","OTU_1819"
"1186","OTU_2816"
"1187","OTU_6995"
"1188","OTU_1006"
"1189","OTU_5511"
"1190","OTU_10300"
"1191","OTU_8541"
"1192","OTU_12535"
"1193","OTU_138"
"1194","OTU_5189"
"1195","OTU_211"
"1196","OTU_10720"
"1197","OTU_3033"
"1198","OTU_5466"
"1199","OTU_14198"
"1200","OTU_2415"
"1201","OTU_7417"
"1202","OTU_11445"
"1203","OTU_198"
"1204","OTU_2084"
"1205","OTU_1674"
"1206","OTU_1747"
"1207","OTU_314"
"1208","OTU_3806"
"1209","OTU_6074"
"1210","OTU_5357"
"1211","OTU_4246"
"1212","OTU_920"
"1213","OTU_6115"
"1214","OTU_2065"
"1215","OTU_13790"
"1216","OTU_12704"
"1217","OTU_1436"
"1218","OTU_2654"
"1219","OTU_5891"
"1220","OTU_374"
"1221","OTU_784"
"1222","OTU_3000"
"1223","OTU_4284"
"1224","OTU_8858"
"1225","OTU_2306"
"1226","OTU_1775"
"1227","OTU_10876"
"1228","OTU_1408"
"1229","OTU_6255"
"1230","OTU_480"
"1231","OTU_14137"
"1232","OTU_13597"
"1233","OTU_865"
"1234","OTU_9109"
"1235","OTU_12587"
"1236","OTU_5171"
"1237","OTU_3852"
"1238","OTU_472"
"1239","OTU_765"
"1240","OTU_3461"
"1241","OTU_11642"
"1242","OTU_13981"
"1243","OTU_8856"
"1244","OTU_2781"
"1245","OTU_1708"
"1246","OTU_3027"
"1247","OTU_502"
"1248","OTU_13373"
"1249","OTU_349"
"1250","OTU_90"
"1251","OTU_135"
"1252","OTU_13879"
"1253","OTU_6694"
"1254","OTU_134"
"1255","OTU_3366"
"1256","OTU_4709"
"1257","OTU_8836"
"1258","OTU_8426"
"1259","OTU_12158"
"1260","OTU_2385"
"1261","OTU_2802"
"1262","OTU_7460"
"1263","OTU_1691"
"1264","OTU_788"
"1265","OTU_3474"
"1266","OTU_3120"
"1267","OTU_3733"
"1268","OTU_158"
"1269","OTU_1238"
"1270","OTU_4694"
"1271","OTU_1114"
"1272","OTU_1282"
"1273","OTU_4648"
"1274","OTU_7890"
"1275","OTU_7093"
"1276","OTU_5894"
"1277","OTU_12815"
"1278","OTU_13"
"1279","OTU_3739"
"1280","OTU_73"
"1281","OTU_12504"
"1282","OTU_5257"
"1283","OTU_2374"
"1284","OTU_6866"
"1285","OTU_4900"
"1286","OTU_202"
"1287","OTU_5509"
"1288","OTU_4359"
"1289","OTU_685"
"1290","OTU_687"
"1291","OTU_630"
"1292","OTU_2695"
"1293","OTU_3787"
"1294","OTU_12643"
"1295","OTU_1484"
"1296","OTU_12432"
"1297","OTU_12202"
"1298","OTU_2170"
"1299","OTU_9547"
"1300","OTU_5944"
"1301","OTU_477"
"1302","OTU_2881"
"1303","OTU_4310"
"1304","OTU_6442"
"1305","OTU_3083"
"1306","OTU_2754"
"1307","OTU_2891"
"1308","OTU_2468"
"1309","OTU_2123"
"1310","OTU_240"
"1311","OTU_2473"
"1312","OTU_6093"
"1313","OTU_2709"
"1314","OTU_189"
"1315","OTU_2559"
"1316","OTU_3576"
"1317","OTU_767"
"1318","OTU_2190"
"1319","OTU_270"
"1320","OTU_9528"
"1321","OTU_71"
"1322","OTU_2101"
"1323","OTU_7139"
"1324","OTU_463"
"1325","OTU_1987"
"1326","OTU_2472"
"1327","OTU_10088"
"1328","OTU_3747"
"1329","OTU_11575"
"1330","OTU_2985"
"1331","OTU_4617"
"1332","OTU_2079"
"1333","OTU_1642"
"1334","OTU_5828"
"1335","OTU_2817"
"1336","OTU_4194"
"1337","OTU_1513"
"1338","OTU_1868"
"1339","OTU_252"
"1340","OTU_260"
"1341","OTU_3706"
"1342","OTU_1318"
"1343","OTU_3162"
"1344","OTU_1715"
"1345","OTU_12695"
"1346","OTU_7195"
"1347","OTU_5254"
"1348","OTU_1292"
"1349","OTU_3580"
"1350","OTU_13522"
"1351","OTU_2027"
"1352","OTU_197"
"1353","OTU_2720"
"1354","OTU_1026"
"1355","OTU_771"
"1356","OTU_8988"
"1357","OTU_53"
"1358","OTU_4305"
"1359","OTU_3795"
"1360","OTU_1099"
"1361","OTU_11972"
"1362","OTU_12875"
"1363","OTU_13559"
"1364","OTU_1053"
"1365","OTU_2119"
"1366","OTU_6646"
"1367","OTU_10207"
"1368","OTU_820"
"1369","OTU_6167"
"1370","OTU_5142"
"1371","OTU_3001"
"1372","OTU_5353"
"1373","OTU_2230"
"1374","OTU_5786"
"1375","OTU_1742"
"1376","OTU_1314"
"1377","OTU_3617"
"1378","OTU_3260"
"1379","OTU_3869"
"1380","OTU_13906"
"1381","OTU_8763"
"1382","OTU_811"
"1383","OTU_3078"
"1384","OTU_3979"
"1385","OTU_5033"
"1386","OTU_3216"
"1387","OTU_1507"
"1388","OTU_870"
"1389","OTU_3636"
"1390","OTU_12293"
"1391","OTU_1951"
"1392","OTU_14001"
"1393","OTU_420"
"1394","OTU_9"
"1395","OTU_5441"
"1396","OTU_1702"
"1397","OTU_230"
"1398","OTU_5649"
"1399","OTU_956"
"1400","OTU_13873"
"1401","OTU_707"
"1402","OTU_1636"
"1403","OTU_11003"
"1404","OTU_2707"
"1405","OTU_1435"
"1406","OTU_4264"
"1407","OTU_13493"
"1408","OTU_3645"
"1409","OTU_3294"
"1410","OTU_924"
"1411","OTU_576"
"1412","OTU_2354"
"1413","OTU_6660"
"1414","OTU_6867"
"1415","OTU_1743"
"1416","OTU_3964"
"1417","OTU_1222"
"1418","OTU_1709"
"1419","OTU_5074"
"1420","OTU_600"
"1421","OTU_1131"
"1422","OTU_4469"
"1423","OTU_12913"
"1424","OTU_11526"
"1425","OTU_13941"
"1426","OTU_11832"
"1427","OTU_3494"
"1428","OTU_12204"
"1429","OTU_589"
"1430","OTU_2538"
"1431","OTU_5417"
"1432","OTU_1524"
"1433","OTU_1237"
"1434","OTU_4131"
"1435","OTU_3131"
"1436","OTU_227"
"1437","OTU_2175"
"1438","OTU_7672"
"1439","OTU_4280"
"1440","OTU_411"
"1441","OTU_9908"
"1442","OTU_2370"
"1443","OTU_13471"
"1444","OTU_621"
"1445","OTU_6552"
"1446","OTU_10647"
"1447","OTU_6152"
"1448","OTU_5867"
"1449","OTU_6222"
"1450","OTU_5455"
"1451","OTU_319"
"1452","OTU_1659"
"1453","OTU_93"
"1454","OTU_3982"
"1455","OTU_7661"
"1456","OTU_9479"
"1457","OTU_5331"
"1458","OTU_7068"
"1459","OTU_1495"
"1460","OTU_4492"
"1461","OTU_4490"
"1462","OTU_13040"
"1463","OTU_1734"
"1464","OTU_2508"
"1465","OTU_4601"
"1466","OTU_1209"
"1467","OTU_3559"
"1468","OTU_1735"
"1469","OTU_1976"
"1470","OTU_12106"
"1471","OTU_1502"
"1472","OTU_11419"
"1473","OTU_1603"
"1474","OTU_968"
"1475","OTU_8300"
"1476","OTU_245"
"1477","OTU_3829"
"1478","OTU_570"
"1479","OTU_14031"
"1480","OTU_12609"
"1481","OTU_10205"
"1482","OTU_3378"
"1483","OTU_1316"
"1484","OTU_5147"
"1485","OTU_969"
"1486","OTU_2026"
"1487","OTU_4786"
"1488","OTU_808"
"1489","OTU_1472"
"1490","OTU_7839"
"1491","OTU_232"
"1492","OTU_8906"
"1493","OTU_2004"
"1494","OTU_1098"
"1495","OTU_13512"
"1496","OTU_12727"
"1497","OTU_4400"
"1498","OTU_1112"
"1499","OTU_13080"
"1500","OTU_355"
"1501","OTU_1096"
"1502","OTU_597"
"1503","OTU_74"
"1504","OTU_273"
"1505","OTU_6926"
"1506","OTU_309"
"1507","OTU_13647"
"1508","OTU_13793"
"1509","OTU_5053"
"1510","OTU_1110"
"1511","OTU_9910"
"1512","OTU_757"
"1513","OTU_2595"
"1514","OTU_894"
"1515","OTU_4239"
"1516","OTU_586"
"1517","OTU_12081"
"1518","OTU_1444"
"1519","OTU_5369"
"1520","OTU_10569"
"1521","OTU_4254"
"1522","OTU_4257"
"1523","OTU_1875"
"1524","OTU_2509"
"1525","OTU_10828"
"1526","OTU_11145"
"1527","OTU_12315"
"1528","OTU_249"
"1529","OTU_394"
"1530","OTU_2491"
"1531","OTU_794"
"1532","OTU_1582"
"1533","OTU_6965"
"1534","OTU_6927"
"1535","OTU_1568"
"1536","OTU_292"
"1537","OTU_2932"
"1538","OTU_6086"
"1539","OTU_4941"
"1540","OTU_13478"
"1541","OTU_317"
"1542","OTU_2743"
"1543","OTU_8197"
"1544","OTU_4048"
"1545","OTU_1552"
"1546","OTU_13761"
"1547","OTU_13012"
"1548","OTU_4877"
"1549","OTU_10396"
"1550","OTU_1978"
"1551","OTU_13323"
"1552","OTU_6201"
"1553","OTU_8917"
"1554","OTU_6861"
"1555","OTU_10735"
"1556","OTU_2770"
"1557","OTU_6500"
"1558","OTU_10722"
"1559","OTU_350"
"1560","OTU_6358"
"1561","OTU_164"
"1562","OTU_10645"
"1563","OTU_5348"
"1564","OTU_1328"
"1565","OTU_1532"
"1566","OTU_4812"
"1567","OTU_3241"
"1568","OTU_7118"
"1569","OTU_4987"
"1570","OTU_5115"
"1571","OTU_12205"
"1572","OTU_2540"
"1573","OTU_6882"
"1574","OTU_6484"
"1575","OTU_11235"
"1576","OTU_276"
"1577","OTU_736"
"1578","OTU_599"
"1579","OTU_13496"
"1580","OTU_2266"
"1581","OTU_98"
"1582","OTU_4931"
"1583","OTU_479"
"1584","OTU_12070"
"1585","OTU_11129"
"1586","OTU_9664"
"1587","OTU_11997"
"1588","OTU_1595"
"1589","OTU_4852"
"1590","OTU_853"
"1591","OTU_2376"
"1592","OTU_13348"
"1593","OTU_11367"
"1594","OTU_12584"
"1595","OTU_6585"
"1596","OTU_13549"
"1597","OTU_3178"
"1598","OTU_1149"
"1599","OTU_8499"
"1600","OTU_3730"
"1601","OTU_398"
"1602","OTU_3858"
"1603","OTU_446"
"1604","OTU_1429"
"1605","OTU_5150"
"1606","OTU_544"
"1607","OTU_13470"
"1608","OTU_51"
"1609","OTU_325"
"1610","OTU_2798"
"1611","OTU_369"
"1612","OTU_14150"
"1613","OTU_111"
"1614","OTU_498"
"1615","OTU_1159"
"1616","OTU_10150"
"1617","OTU_8309"
"1618","OTU_11451"
"1619","OTU_8336"
"1620","OTU_9160"
"1621","OTU_13004"
"1622","OTU_906"
"1623","OTU_12254"
"1624","OTU_7534"
"1625","OTU_33"
"1626","OTU_2424"
"1627","OTU_2234"
"1628","OTU_3021"
"1629","OTU_128"
"1630","OTU_6079"
"1631","OTU_320"
"1632","OTU_2428"
"1633","OTU_13523"
"1634","OTU_9344"
"1635","OTU_1195"
"1636","OTU_251"
"1637","OTU_9592"
"1638","OTU_1574"
"1639","OTU_3882"
"1640","OTU_13843"
"1641","OTU_1346"
"1642","OTU_4749"
"1643","OTU_244"
"1644","OTU_13069"
"1645","OTU_9841"
"1646","OTU_1560"
"1647","OTU_5395"
"1648","OTU_11741"
"1649","OTU_8361"
"1650","OTU_1895"
"1651","OTU_7951"
"1652","OTU_1873"
"1653","OTU_6243"
"1654","OTU_2425"
"1655","OTU_2607"
"1656","OTU_12197"
"1657","OTU_3498"
"1658","OTU_5863"
"1659","OTU_1451"
"1660","OTU_9619"
"1661","OTU_448"
"1662","OTU_6014"
"1663","OTU_6420"
"1664","OTU_1855"
"1665","OTU_12357"
"1666","OTU_85"
"1667","OTU_13519"
"1668","OTU_4703"
"1669","OTU_187"
"1670","OTU_2920"
"1671","OTU_11694"
"1672","OTU_2006"
"1673","OTU_28"
"1674","OTU_7384"
"1675","OTU_7996"
"1676","OTU_229"
"1677","OTU_1818"
"1678","OTU_6080"
"1679","OTU_4444"
"1680","OTU_10835"
"1681","OTU_1078"
"1682","OTU_760"
"1683","OTU_13704"
"1684","OTU_7035"
"1685","OTU_7387"
"1686","OTU_3049"
"1687","OTU_4949"
"1688","OTU_147"
"1689","OTU_8506"
"1690","OTU_80"
"1691","OTU_6709"
"1692","OTU_5992"
"1693","OTU_4242"
"1694","OTU_4624"
"1695","OTU_2929"
"1696","OTU_3786"
"1697","OTU_6472"
"1698","OTU_9595"
"1699","OTU_5289"
"1700","OTU_1433"
"1701","OTU_3666"
"1702","OTU_2608"
"1703","OTU_4043"
"1704","OTU_4967"
"1705","OTU_474"
"1706","OTU_12827"
"1707","OTU_9256"
"1708","OTU_555"
"1709","OTU_12807"
"1710","OTU_1496"
"1711","OTU_3662"
"1712","OTU_548"
"1713","OTU_2015"
"1714","OTU_9540"
"1715","OTU_541"
"1716","OTU_4883"
"1717","OTU_9025"
"1718","OTU_137"
"1719","OTU_2083"
"1720","OTU_9587"
"1721","OTU_3893"
"1722","OTU_1938"
"1723","OTU_1872"
"1724","OTU_2687"
"1725","OTU_1800"
"1726","OTU_5379"
"1727","OTU_12595"
"1728","OTU_12017"
"1729","OTU_7939"
"1730","OTU_5119"
"1731","OTU_1922"
"1732","OTU_1478"
"1733","OTU_5787"
"1734","OTU_473"
"1735","OTU_517"
"1736","OTU_140"
"1737","OTU_368"
"1738","OTU_1361"
"1739","OTU_2210"
"1740","OTU_412"
"1741","OTU_709"
"1742","OTU_5312"
"1743","OTU_955"
"1744","OTU_354"
"1745","OTU_4655"
"1746","OTU_13594"
"1747","OTU_1980"
"1748","OTU_878"
"1749","OTU_10425"
"1750","OTU_2430"
"1751","OTU_2636"
"1752","OTU_2739"
"1753","OTU_10775"
"1754","OTU_1077"
"1755","OTU_1415"
"1756","OTU_163"
"1757","OTU_7502"
"1758","OTU_2344"
"1759","OTU_3556"
"1760","OTU_2400"
"1761","OTU_116"
"1762","OTU_1664"
"1763","OTU_7002"
"1764","OTU_1865"
"1765","OTU_6626"
"1766","OTU_375"
"1767","OTU_5164"
"1768","OTU_2032"
"1769","OTU_7865"
"1770","OTU_8860"
"1771","OTU_2622"
"1772","OTU_3465"
"1773","OTU_5423"
"1774","OTU_2028"
"1775","OTU_2164"
"1776","OTU_13552"
"1777","OTU_1200"
"1778","OTU_10254"
"1779","OTU_7072"
"1780","OTU_381"
"1781","OTU_8831"
"1782","OTU_4578"
"1783","OTU_1253"
"1784","OTU_4182"
"1785","OTU_13757"
"1786","OTU_3064"
"1787","OTU_1323"
"1788","OTU_1466"
"1789","OTU_450"
"1790","OTU_2316"
"1791","OTU_1569"
"1792","OTU_5261"
"1793","OTU_2564"
"1794","OTU_8665"
"1795","OTU_400"
"1796","OTU_755"
"1797","OTU_13602"
"1798","OTU_6534"
"1799","OTU_708"
"1800","OTU_8878"
"1801","OTU_9879"
"1802","OTU_3384"
"1803","OTU_5045"
"1804","OTU_3630"
"1805","OTU_2565"
"1806","OTU_6897"
"1807","OTU_2880"
"1808","OTU_1434"
"1809","OTU_3479"
"1810","OTU_30"
"1811","OTU_2694"
"1812","OTU_4303"
"1813","OTU_291"
"1814","OTU_6365"
"1815","OTU_514"
"1816","OTU_212"
"1817","OTU_3487"
"1818","OTU_2584"
"1819","OTU_1982"
"1820","OTU_4932"
"1821","OTU_9012"
"1822","OTU_3031"
"1823","OTU_895"
"1824","OTU_7900"
"1825","OTU_2372"
"1826","OTU_13078"
"1827","OTU_179"
"1828","OTU_1836"
"1829","OTU_1424"
"1830","OTU_5363"
"1831","OTU_1720"
"1832","OTU_378"
"1833","OTU_12406"
"1834","OTU_948"
"1835","OTU_4570"
"1836","OTU_206"
"1837","OTU_6262"
"1838","OTU_665"
"1839","OTU_24"
"1840","OTU_5737"
"1841","OTU_1083"
"1842","OTU_461"
"1843","OTU_6743"
"1844","OTU_150"
"1845","OTU_3868"
"1846","OTU_1115"
"1847","OTU_12171"
"1848","OTU_423"
"1849","OTU_5956"
"1850","OTU_2604"
"1851","OTU_2451"
"1852","OTU_7546"
"1853","OTU_12149"
"1854","OTU_10074"
"1855","OTU_7013"
"1856","OTU_182"
"1857","OTU_358"
"1858","OTU_4769"
"1859","OTU_835"
"1860","OTU_12798"
"1861","OTU_4650"
"1862","OTU_12135"
"1863","OTU_14193"
"1864","OTU_10245"
"1865","OTU_7656"
"1866","OTU_184"
"1867","OTU_2668"
"1868","OTU_5820"
"1869","OTU_95"
"1870","OTU_10363"
"1871","OTU_6474"
"1872","OTU_12887"
"1873","OTU_3618"
"1874","OTU_4289"
"1875","OTU_1059"
"1876","OTU_6645"
"1877","OTU_12541"
"1878","OTU_4678"
"1879","OTU_6232"
"1880","OTU_7446"
"1881","OTU_6060"
"1882","OTU_14176"
"1883","OTU_3496"
"1884","OTU_3022"
"1885","OTU_10"
"1886","OTU_2517"
"1887","OTU_3247"
"1888","OTU_5565"
"1889","OTU_5848"
"1890","OTU_5350"
"1891","OTU_185"
"1892","OTU_3286"
"1893","OTU_10401"
"1894","OTU_347"
"1895","OTU_5701"
"1896","OTU_14180"
"1897","OTU_2776"
"1898","OTU_683"
"1899","OTU_3239"
"1900","OTU_2510"
"1901","OTU_816"
"1902","OTU_6148"
"1903","OTU_6070"
"1904","OTU_4686"
"1905","OTU_304"
"1906","OTU_8826"
"1907","OTU_12215"
"1908","OTU_11214"
"1909","OTU_718"
"1910","OTU_1310"
"1911","OTU_5631"
"1912","OTU_6735"
"1913","OTU_5100"
"1914","OTU_268"
"1915","OTU_5225"
"1916","OTU_1587"
"1917","OTU_4164"
"1918","OTU_9482"
"1919","OTU_3071"
"1920","OTU_42"
"1921","OTU_5810"
"1922","OTU_203"
"1923","OTU_4300"
"1924","OTU_7197"
"1925","OTU_1503"
"1926","OTU_62"
"1927","OTU_1565"
"1928","OTU_512"
"1929","OTU_9611"
"1930","OTU_12735"
"1931","OTU_945"
"1932","OTU_8711"
"1933","OTU_11867"
"1934","OTU_2155"
"1935","OTU_5952"
"1936","OTU_4243"
"1937","OTU_1684"
"1938","OTU_12060"
"1939","OTU_802"
"1940","OTU_335"
"1941","OTU_14053"
"1942","OTU_1416"
"1943","OTU_7053"
"1944","OTU_5434"
"1945","OTU_4286"
"1946","OTU_20"
"1947","OTU_6598"
"1948","OTU_7616"
"1949","OTU_14205"
"1950","OTU_4019"
"1951","OTU_779"
"1952","OTU_691"
"1953","OTU_12946"
"1954","OTU_1283"
"1955","OTU_2630"
"1956","OTU_2548"
"1957","OTU_6507"
"1958","OTU_7246"
"1959","OTU_2105"
"1960","OTU_830"
"1961","OTU_149"
"1962","OTU_2734"
"1963","OTU_223"
"1964","OTU_3716"
"1965","OTU_1326"
"1966","OTU_4952"
"1967","OTU_481"
"1968","OTU_3356"
"1969","OTU_4073"
"1970","OTU_11351"
"1971","OTU_869"
"1972","OTU_11288"
"1973","OTU_5678"
"1974","OTU_81"
"1975","OTU_1155"
"1976","OTU_4338"
"1977","OTU_5638"
"1978","OTU_2366"
"1979","OTU_499"
"1980","OTU_1808"
"1981","OTU_5356"
"1982","OTU_13839"
"1983","OTU_1757"
"1984","OTU_1125"
"1985","OTU_4209"
"1986","OTU_290"
"1987","OTU_2233"
"1988","OTU_2469"
"1989","OTU_1370"
"1990","OTU_6375"
"1991","OTU_6829"
"1992","OTU_2789"
"1993","OTU_3051"
"1994","OTU_648"
"1995","OTU_12037"
"1996","OTU_7533"
"1997","OTU_6457"
"1998","OTU_1981"
"1999","OTU_3015"
"2000","OTU_112"
"2001","OTU_1623"
"2002","OTU_330"
"2003","OTU_8279"
"2004","OTU_5204"
"2005","OTU_11954"
"2006","OTU_6561"
"2007","OTU_9299"
"2008","OTU_1148"
"2009","OTU_2058"
"2010","OTU_8067"
"2011","OTU_4788"
"2012","OTU_604"
"2013","OTU_106"
"2014","OTU_2594"
"2015","OTU_7269"
"2016","OTU_5826"
"2017","OTU_288"
"2018","OTU_646"
"2019","OTU_501"
"2020","OTU_1022"
"2021","OTU_5097"
"2022","OTU_10933"
"2023","OTU_8542"
"2024","OTU_14123"
"2025","OTU_4100"
"2026","OTU_2592"
"2027","OTU_7036"
"2028","OTU_312"
"2029","OTU_10616"
"2030","OTU_6725"
"2031","OTU_485"
"2032","OTU_2567"
"2033","OTU_1455"
"2034","OTU_12143"
"2035","OTU_99"
"2036","OTU_10464"
"2037","OTU_5346"
"2038","OTU_8982"
"2039","OTU_6363"
"2040","OTU_9137"
"2041","OTU_47"
"2042","OTU_4950"
"2043","OTU_12874"
"2044","OTU_12176"
"2045","OTU_2081"
"2046","OTU_7948"
"2047","OTU_1315"
"2048","OTU_3568"
"2049","OTU_1671"
"2050","OTU_4253"
"2051","OTU_14092"
"2052","OTU_751"
"2053","OTU_2448"
"2054","OTU_269"
"2055","OTU_579"
"2056","OTU_4421"
"2057","OTU_12320"
"2058","OTU_4728"
"2059","OTU_6381"
"2060","OTU_1203"
"2061","OTU_8883"
"2062","OTU_5094"
"2063","OTU_11943"
"2064","OTU_4343"
"2065","OTU_224"
"2066","OTU_10301"
"2067","OTU_500"
"2068","OTU_537"
"2069","OTU_2112"
"2070","OTU_4637"
"2071","OTU_9865"
"2072","OTU_3761"
"2073","OTU_3894"
"2074","OTU_676"
"2075","OTU_61"
"2076","OTU_3346"
"2077","OTU_2780"
"2078","OTU_3790"
"2079","OTU_2599"
"2080","OTU_598"
"2081","OTU_3816"
"2082","OTU_2414"
"2083","OTU_4621"
"2084","OTU_11748"
"2085","OTU_11920"
"2086","OTU_880"
"2087","OTU_5542"
"2088","OTU_2597"
"2089","OTU_4720"
"2090","OTU_5856"
"2091","OTU_3854"
"2092","OTU_3595"
"2093","OTU_2244"
"2094","OTU_5566"
"2095","OTU_1089"
"2096","OTU_4351"
"2097","OTU_4467"
"2098","OTU_8857"
"2099","OTU_12764"
"2100","OTU_1084"
"2101","OTU_3036"
"2102","OTU_13222"
"2103","OTU_587"
"2104","OTU_404"
"2105","OTU_11456"
"2106","OTU_12700"
"2107","OTU_4125"
"2108","OTU_635"
"2109","OTU_458"
"2110","OTU_256"
"2111","OTU_510"
"2112","OTU_313"
"2113","OTU_2068"
"2114","OTU_789"
"2115","OTU_2407"
"2116","OTU_1176"
"2117","OTU_10122"
"2118","OTU_132"
"2119","OTU_1375"
"2120","OTU_4711"
"2121","OTU_892"
"2122","OTU_6656"
"2123","OTU_11986"
"2124","OTU_12419"
"2125","OTU_11821"
"2126","OTU_6625"
"2127","OTU_4909"
"2128","OTU_3301"
"2129","OTU_435"
"2130","OTU_6351"
"2131","OTU_13434"
"2132","OTU_8824"
"2133","OTU_5103"
"2134","OTU_7879"
"2135","OTU_735"
"2136","OTU_7388"
"2137","OTU_3281"
"2138","OTU_529"
"2139","OTU_10291"
"2140","OTU_6888"
"2141","OTU_9875"
"2142","OTU_14171"
"2143","OTU_8788"
"2144","OTU_3444"
"2145","OTU_396"
"2146","OTU_13317"
"2147","OTU_6512"
"2148","OTU_103"
"2149","OTU_7795"
"2150","OTU_6820"
"2151","OTU_8546"
"2152","OTU_13570"
"2153","OTU_6271"
"2154","OTU_333"
"2155","OTU_2520"
"2156","OTU_3678"
"2157","OTU_7689"
"2158","OTU_3919"
"2159","OTU_2224"
"2160","OTU_14322"
"2161","OTU_10550"
"2162","OTU_5600"
"2163","OTU_723"
"2164","OTU_4426"
"2165","OTU_5457"
"2166","OTU_535"
"2167","OTU_12567"
"2168","OTU_322"
"2169","OTU_932"
"2170","OTU_6574"
"2171","OTU_6972"
"2172","OTU_1288"
"2173","OTU_9148"
"2174","OTU_3753"
"2175","OTU_6226"
"2176","OTU_3728"
"2177","OTU_3944"
"2178","OTU_11463"
"2179","OTU_125"
"2180","OTU_6446"
"2181","OTU_11730"
"2182","OTU_26"
"2183","OTU_6581"
"2184","OTU_196"
"2185","OTU_1420"
"2186","OTU_602"
"2187","OTU_13212"
"2188","OTU_9043"
"2189","OTU_4587"
"2190","OTU_7757"
"2191","OTU_11162"
"2192","OTU_1640"
"2193","OTU_7107"
"2194","OTU_7041"
"2195","OTU_13966"
"2196","OTU_6447"
"2197","OTU_4130"
"2198","OTU_6109"
"2199","OTU_4269"
"2200","OTU_4154"
"2201","OTU_2018"
"2202","OTU_2703"
"2203","OTU_4922"
"2204","OTU_4553"
"2205","OTU_6279"
"2206","OTU_401"
"2207","OTU_1371"
"2208","OTU_11945"
"2209","OTU_5994"
"2210","OTU_4929"
"2211","OTU_910"
"2212","OTU_10180"
"2213","OTU_1220"
"2214","OTU_6792"
"2215","OTU_8766"
"2216","OTU_539"
"2217","OTU_2454"
"2218","OTU_2098"
"2219","OTU_2821"
"2220","OTU_1783"
"2221","OTU_1046"
"2222","OTU_2596"
"2223","OTU_2792"
"2224","OTU_3124"
"2225","OTU_1501"
"2226","OTU_10688"
"2227","OTU_69"
"2228","OTU_13563"
"2229","OTU_3407"
"2230","OTU_457"
"2231","OTU_11215"
"2232","OTU_1088"
"2233","OTU_636"
"2234","OTU_160"
"2235","OTU_6411"
"2236","OTU_328"
"2237","OTU_205"
"2238","OTU_9942"
"2239","OTU_2272"
"2240","OTU_10148"
"2241","OTU_5562"
"2242","OTU_3670"
"2243","OTU_12666"
"2244","OTU_1461"
"2245","OTU_596"
"2246","OTU_8418"
"2247","OTU_4671"
"2248","OTU_5008"
"2249","OTU_562"
"2250","OTU_46"
"2251","OTU_1539"
"2252","OTU_564"
"2253","OTU_664"
"2254","OTU_5881"
"2255","OTU_9005"
"2256","OTU_2201"
"2257","OTU_48"
"2258","OTU_8782"
"2259","OTU_1801"
"2260","OTU_7218"
"2261","OTU_6092"
"2262","OTU_1231"
"2263","OTU_5247"
"2264","OTU_7411"
"2265","OTU_5645"
"2266","OTU_2895"
"2267","OTU_12921"
"2268","OTU_6920"
"2269","OTU_6032"
"2270","OTU_1563"
"2271","OTU_1051"
"2272","OTU_7286"
"2273","OTU_1577"
"2274","OTU_1263"
"2275","OTU_1005"
"2276","OTU_13423"
"2277","OTU_342"
"2278","OTU_11128"
"2279","OTU_1553"
"2280","OTU_1929"
"2281","OTU_916"
"2282","OTU_11142"
"2283","OTU_10136"
"2284","OTU_1541"
"2285","OTU_2671"
"2286","OTU_6138"
"2287","OTU_6047"
"2288","OTU_2855"
"2289","OTU_6942"
"2290","OTU_6039"
"2291","OTU_2606"
"2292","OTU_462"
"2293","OTU_1754"
"2294","OTU_6150"
"2295","OTU_277"
"2296","OTU_10548"
"2297","OTU_5479"
"2298","OTU_5170"
"2299","OTU_739"
"2300","OTU_3571"
"2301","OTU_5919"
"2302","OTU_407"
"2303","OTU_1431"
"2304","OTU_6340"
"2305","OTU_4051"
"2306","OTU_119"
"2307","OTU_469"
"2308","OTU_1506"
"2309","OTU_761"
"2310","OTU_9502"
"2311","OTU_2524"
"2312","OTU_6821"
"2313","OTU_11237"
"2314","OTU_6077"
"2315","OTU_9693"
"2316","OTU_2498"
"2317","OTU_10025"
"2318","OTU_6069"
"2319","OTU_13414"
"2320","OTU_1280"
"2321","OTU_6444"
"2322","OTU_3835"
"2323","OTU_1476"
"2324","OTU_208"
"2325","OTU_2679"
"2326","OTU_8404"
"2327","OTU_563"
"2328","OTU_7785"
"2329","OTU_1102"
"2330","OTU_338"
"2331","OTU_38"
"2332","OTU_10559"
"2333","OTU_10275"
"2334","OTU_4056"
"2335","OTU_6895"
"2336","OTU_3990"
"2337","OTU_558"
"2338","OTU_10119"
"2339","OTU_239"
"2340","OTU_6137"
"2341","OTU_5173"
"2342","OTU_4616"
"2343","OTU_3876"
"2344","OTU_6853"
"2345","OTU_6378"
"2346","OTU_1039"
"2347","OTU_10329"
"2348","OTU_817"
"2349","OTU_12253"
"2350","OTU_4347"
"2351","OTU_2834"
"2352","OTU_1517"
"2353","OTU_5136"
"2354","OTU_3865"
"2355","OTU_2804"
"2356","OTU_9769"
"2357","OTU_13302"
"2358","OTU_2698"
"2359","OTU_5212"
"2360","OTU_1727"
"2361","OTU_3517"
"2362","OTU_790"
"2363","OTU_9214"
"2364","OTU_12184"
"2365","OTU_6100"
"2366","OTU_14005"
"2367","OTU_417"
"2368","OTU_904"
"2369","OTU_12048"
"2370","OTU_4186"
"2371","OTU_6689"
"2372","OTU_10290"
"2373","OTU_1294"
"2374","OTU_5803"
"2375","OTU_2588"
"2376","OTU_190"
"2377","OTU_21"
"2378","OTU_6459"
"2379","OTU_4388"
"2380","OTU_1198"
"2381","OTU_2329"
"2382","OTU_6398"
"2383","OTU_5857"
"2384","OTU_3094"
"2385","OTU_156"
"2386","OTU_8566"
"2387","OTU_8230"
"2388","OTU_3579"
"2389","OTU_6055"
"2390","OTU_271"
"2391","OTU_259"
"2392","OTU_10062"
"2393","OTU_9247"
"2394","OTU_2718"
"2395","OTU_7162"
"2396","OTU_34"
"2397","OTU_5311"
"2398","OTU_3408"
"2399","OTU_1534"
"2400","OTU_10574"
"2401","OTU_13798"
"2402","OTU_10676"
"2403","OTU_585"
"2404","OTU_1384"
"2405","OTU_5501"
"2406","OTU_4960"
"2407","OTU_2009"
"2408","OTU_1100"
"2409","OTU_5910"
"2410","OTU_14062"
"2411","OTU_10686"
"2412","OTU_8356"
"2413","OTU_7220"
"2414","OTU_5927"
"2415","OTU_5241"
"2416","OTU_4023"
"2417","OTU_6117"
"2418","OTU_5512"
"2419","OTU_721"
"2420","OTU_4451"
"2421","OTU_315"
"2422","OTU_45"
"2423","OTU_11627"
"2424","OTU_9047"
"2425","OTU_5172"
"2426","OTU_10764"
"2427","OTU_6043"
"2428","OTU_13567"
"2429","OTU_9282"
"2430","OTU_7437"
"2431","OTU_3695"
"2432","OTU_6970"
"2433","OTU_3209"
"2434","OTU_4771"
"2435","OTU_2362"
"2436","OTU_8529"
"2437","OTU_8855"
"2438","OTU_4262"
"2439","OTU_5784"
"2440","OTU_9351"
"2441","OTU_4743"
"2442","OTU_1536"
"2443","OTU_3237"
"2444","OTU_2892"
"2445","OTU_2228"
"2446","OTU_1473"
"2447","OTU_6718"
"2448","OTU_2427"
"2449","OTU_1261"
"2450","OTU_4504"
"2451","OTU_2760"
"2452","OTU_1396"
"2453","OTU_207"
"2454","OTU_12482"
"2455","OTU_836"
"2456","OTU_6570"
"2457","OTU_44"
"2458","OTU_13419"
"2459","OTU_13795"
"2460","OTU_447"
"2461","OTU_1157"
"2462","OTU_1525"
"2463","OTU_4896"
"2464","OTU_841"
"2465","OTU_3256"
"2466","OTU_942"
"2467","OTU_436"
"2468","OTU_488"
"2469","OTU_1097"
"2470","OTU_1923"
"2471","OTU_776"
"2472","OTU_2868"
"2473","OTU_10713"
"2474","OTU_1390"
"2475","OTU_2173"
"2476","OTU_11436"
"2477","OTU_14021"
"2478","OTU_727"
"2479","OTU_2794"
"2480","OTU_1511"
"2481","OTU_5426"
"2482","OTU_8069"
"2483","OTU_2553"
"2484","OTU_2404"
"2485","OTU_433"
"2486","OTU_1758"
"2487","OTU_1271"
"2488","OTU_7943"
"2489","OTU_4247"
"2490","OTU_4773"
"2491","OTU_3307"
"2492","OTU_1327"
"2493","OTU_13880"
"2494","OTU_1948"
"2495","OTU_2803"
"2496","OTU_11187"
"2497","OTU_6143"
"2498","OTU_13450"
"2499","OTU_642"
"2500","OTU_9118"
"2501","OTU_8572"
"2502","OTU_2476"
"2503","OTU_8500"
"2504","OTU_1381"
"2505","OTU_8496"
"2506","OTU_7818"
"2507","OTU_5806"
"2508","OTU_5131"
"2509","OTU_12866"
"2510","OTU_5808"
"2511","OTU_4049"
"2512","OTU_805"
"2513","OTU_7105"
"2514","OTU_4888"
"2515","OTU_6256"
"2516","OTU_5798"
"2517","OTU_272"
"2518","OTU_12248"
"2519","OTU_5019"
"2520","OTU_3957"
"2521","OTU_787"
"2522","OTU_11034"
"2523","OTU_2830"
"2524","OTU_4162"
"2525","OTU_11982"
"2526","OTU_4714"
"2527","OTU_13867"
"2528","OTU_5779"
"2529","OTU_4061"
"2530","OTU_1242"
"2531","OTU_133"
"2532","OTU_1675"
"2533","OTU_8518"
"2534","OTU_6846"
"2535","OTU_6094"
"2536","OTU_5865"
"2537","OTU_503"
"2538","OTU_6666"
"2539","OTU_7373"
"2540","OTU_8196"
"2541","OTU_828"
"2542","OTU_8449"
"2543","OTU_1770"
"2544","OTU_384"
"2545","OTU_4747"
"2546","OTU_843"
"2547","OTU_2712"
"2548","OTU_11126"
"2549","OTU_6453"
"2550","OTU_2017"
"2551","OTU_11521"
"2552","OTU_1782"
"2553","OTU_2045"
"2554","OTU_8793"
"2555","OTU_6379"
"2556","OTU_11624"
"2557","OTU_1798"
"2558","OTU_7084"
"2559","OTU_6413"
"2560","OTU_11175"
"2561","OTU_324"
"2562","OTU_4193"
"2563","OTU_13893"
"2564","OTU_12635"
"2565","OTU_7153"
"2566","OTU_13930"
"2567","OTU_10334"
"2568","OTU_2623"
"2569","OTU_1797"
"2570","OTU_12603"
"2571","OTU_7580"
"2572","OTU_10440"
"2573","OTU_2139"
"2574","OTU_13206"
"2575","OTU_746"
"2576","OTU_2176"
"2577","OTU_1325"
"2578","OTU_1343"
"2579","OTU_4183"
"2580","OTU_6380"
"2581","OTU_12937"
"2582","OTU_10309"
"2583","OTU_7117"
"2584","OTU_3818"
"2585","OTU_166"
"2586","OTU_3905"
"2587","OTU_13140"
"2588","OTU_804"
"2589","OTU_1191"
"2590","OTU_4435"
"2591","OTU_758"
"2592","OTU_4638"
"2593","OTU_7024"
"2594","OTU_4318"
"2595","OTU_927"
"2596","OTU_8178"
"2597","OTU_1915"
"2598","OTU_9127"
"2599","OTU_3525"
"2600","OTU_10086"
"2601","OTU_5485"
"2602","OTU_3297"
"2603","OTU_8182"
"2604","OTU_8770"
"2605","OTU_5658"
"2606","OTU_11596"
"2607","OTU_10028"
"2608","OTU_3756"
"2609","OTU_6071"
"2610","OTU_6463"
"2611","OTU_13986"
"2612","OTU_4423"
"2613","OTU_1352"
"2614","OTU_11295"
"2615","OTU_2159"
"2616","OTU_11494"
"2617","OTU_12052"
"2618","OTU_6252"
"2619","OTU_4404"
"2620","OTU_812"
"2621","OTU_1575"
"2622","OTU_14197"
"2623","OTU_3322"
"2624","OTU_1717"
"2625","OTU_39"
"2626","OTU_3385"
"2627","OTU_2736"
"2628","OTU_263"
"2629","OTU_14230"
"2630","OTU_2049"
"2631","OTU_14222"
"2632","OTU_12069"
"2633","OTU_5841"
"2634","OTU_7086"
"2635","OTU_2616"
"2636","OTU_961"
"2637","OTU_4506"
"2638","OTU_343"
"2639","OTU_4475"
"2640","OTU_13070"
"2641","OTU_6627"
"2642","OTU_606"
"2643","OTU_12269"
"2644","OTU_9526"
"2645","OTU_1729"
"2646","OTU_6536"
"2647","OTU_14340"
"2648","OTU_1692"
"2649","OTU_1670"
"2650","OTU_1654"
"2651","OTU_9929"
"2652","OTU_4150"
"2653","OTU_4218"
"2654","OTU_13088"
"2655","OTU_2558"
"2656","OTU_1861"
"2657","OTU_2911"
"2658","OTU_672"
"2659","OTU_2672"
"2660","OTU_5488"
"2661","OTU_1142"
"2662","OTU_113"
"2663","OTU_2368"
"2664","OTU_11641"
"2665","OTU_4396"
"2666","OTU_2948"
"2667","OTU_11510"
"2668","OTU_1899"
"2669","OTU_13121"
"2670","OTU_1152"
"2671","OTU_340"
"2672","OTU_1214"
"2673","OTU_6791"
"2674","OTU_1374"
"2675","OTU_8465"
"2676","OTU_5866"
"2677","OTU_4123"
"2678","OTU_250"
"2679","OTU_13874"
"2680","OTU_9804"
"2681","OTU_560"
"2682","OTU_1814"
"2683","OTU_13207"
"2684","OTU_5662"
"2685","OTU_10543"
"2686","OTU_4635"
"2687","OTU_1428"
"2688","OTU_1898"
"2689","OTU_2339"
"2690","OTU_379"
"2691","OTU_1545"
"2692","OTU_4219"
"2693","OTU_3845"
"2694","OTU_9063"
"2695","OTU_6856"
"2696","OTU_6663"
"2697","OTU_9304"
"2698","OTU_4804"
"2699","OTU_795"
"2700","OTU_11664"
"2701","OTU_4416"
"2702","OTU_6688"
"2703","OTU_6602"
"2704","OTU_10193"
"2705","OTU_3809"
"2706","OTU_6724"
"2707","OTU_6945"
"2708","OTU_8415"
"2709","OTU_4191"
"2710","OTU_10808"
"2711","OTU_13632"
"2712","OTU_861"
"2713","OTU_12771"
"2714","OTU_221"
"2715","OTU_1522"
"2716","OTU_13927"
"2717","OTU_533"
"2718","OTU_8985"
"2719","OTU_1668"
"2720","OTU_1405"
"2721","OTU_1040"
"2722","OTU_8588"
"2723","OTU_8437"
"2724","OTU_588"
"2725","OTU_2102"
"2726","OTU_4618"
"2727","OTU_8845"
"2728","OTU_4448"
"2729","OTU_2273"
"2730","OTU_13347"
"2731","OTU_584"
"2732","OTU_2777"
"2733","OTU_9514"
"2734","OTU_12251"
"2735","OTU_4463"
"2736","OTU_5018"
"2737","OTU_2537"
"2738","OTU_10173"
"2739","OTU_4208"
"2740","OTU_1547"
"2741","OTU_11889"
"2742","OTU_14223"
"2743","OTU_13225"
"2744","OTU_3553"
"2745","OTU_7933"
"2746","OTU_690"
"2747","OTU_13154"
"2748","OTU_1963"
"2749","OTU_8358"
"2750","OTU_2439"
"2751","OTU_1882"
"2752","OTU_1939"
"2753","OTU_3215"
"2754","OTU_2073"
"2755","OTU_4496"
"2756","OTU_13062"
"2757","OTU_4816"
"2758","OTU_1749"
"2759","OTU_6701"
"2760","OTU_9696"
"2761","OTU_2706"
"2762","OTU_13026"
"2763","OTU_1645"
"2764","OTU_3599"
"2765","OTU_2330"
"2766","OTU_6669"
"2767","OTU_12109"
"2768","OTU_2931"
"2769","OTU_1004"
"2770","OTU_1335"
"2771","OTU_1822"
"2772","OTU_1135"
"2773","OTU_1598"
"2774","OTU_844"
"2775","OTU_1995"
"2776","OTU_10925"
"2777","OTU_10758"
"2778","OTU_2471"
"2779","OTU_756"
"2780","OTU_1105"
"2781","OTU_7961"
"2782","OTU_5438"
"2783","OTU_6836"
"2784","OTU_2005"
"2785","OTU_1874"
"2786","OTU_8960"
"2787","OTU_7177"
"2788","OTU_3577"
"2789","OTU_3696"
"2790","OTU_7965"
"2791","OTU_8318"
"2792","OTU_13371"
"2793","OTU_6684"
"2794","OTU_7283"
"2795","OTU_1437"
"2796","OTU_64"
"2797","OTU_6001"
"2798","OTU_7077"
"2799","OTU_1301"
"2800","OTU_4316"
"2801","OTU_2481"
"2802","OTU_68"
"2803","OTU_278"
"2804","OTU_4405"
"2805","OTU_4897"
"2806","OTU_6816"
"2807","OTU_5299"
"2808","OTU_10227"
"2809","OTU_7181"
"2810","OTU_12030"
"2811","OTU_11254"
"2812","OTU_9809"
"2813","OTU_29"
"2814","OTU_1393"
"2815","OTU_5543"
"2816","OTU_6487"
"2817","OTU_777"
"2818","OTU_3768"
"2819","OTU_9083"
"2820","OTU_1531"
"2821","OTU_3214"
"2822","OTU_4008"
"2823","OTU_1663"
"2824","OTU_4234"
"2825","OTU_11151"
"2826","OTU_13469"
"2827","OTU_7308"
"2828","OTU_12301"
"2829","OTU_5384"
"2830","OTU_1554"
"2831","OTU_2216"
"2832","OTU_715"
"2833","OTU_9303"
"2834","OTU_11335"
"2835","OTU_12426"
"2836","OTU_13098"
"2837","OTU_13800"
"2838","OTU_2126"
"2839","OTU_911"
"2840","OTU_2489"
"2841","OTU_3130"
"2842","OTU_1998"
"2843","OTU_854"
"2844","OTU_552"
"2845","OTU_1138"
"2846","OTU_9350"
"2847","OTU_4348"
"2848","OTU_896"
"2849","OTU_1557"
"2850","OTU_12637"
"2851","OTU_1648"
"2852","OTU_5884"
"2853","OTU_4107"
"2854","OTU_9556"
"2855","OTU_759"
"2856","OTU_4945"
"2857","OTU_1993"
"2858","OTU_9678"
"2859","OTU_774"
"2860","OTU_4853"
"2861","OTU_12836"
"2862","OTU_9436"
"2863","OTU_4322"
"2864","OTU_6183"
"2865","OTU_1454"
"2866","OTU_2915"
"2867","OTU_6887"
"2868","OTU_1544"
"2869","OTU_3626"
"2870","OTU_2986"
"2871","OTU_7737"
"2872","OTU_4996"
"2873","OTU_4542"
"2874","OTU_9341"
"2875","OTU_7504"
"2876","OTU_2579"
"2877","OTU_2999"
"2878","OTU_11629"
"2879","OTU_2590"
"2880","OTU_7665"
"2881","OTU_4244"
"2882","OTU_2846"
"2883","OTU_2575"
"2884","OTU_3264"
"2885","OTU_5282"
"2886","OTU_616"
"2887","OTU_1682"
"2888","OTU_1867"
"2889","OTU_5626"
"2890","OTU_257"
"2891","OTU_7323"
"2892","OTU_829"
"2893","OTU_4231"
"2894","OTU_9593"
"2895","OTU_1831"
"2896","OTU_4325"
"2897","OTU_9270"
"2898","OTU_2355"
"2899","OTU_1360"
"2900","OTU_1792"
"2901","OTU_5747"
"2902","OTU_5163"
"2903","OTU_1337"
"2904","OTU_7298"
"2905","OTU_838"
"2906","OTU_3365"
"2907","OTU_4588"
"2908","OTU_1219"
"2909","OTU_10167"
"2910","OTU_92"
"2911","OTU_821"
"2912","OTU_3881"
"2913","OTU_8516"
"2914","OTU_454"
"2915","OTU_2796"
"2916","OTU_10922"
"2917","OTU_3762"
"2918","OTU_1124"
"2919","OTU_1103"
"2920","OTU_13919"
"2921","OTU_13783"
"2922","OTU_6153"
"2923","OTU_1669"
"2924","OTU_2402"
"2925","OTU_219"
"2926","OTU_3632"
"2927","OTU_903"
"2928","OTU_2167"
"2929","OTU_5157"
"2930","OTU_1780"
"2931","OTU_9367"
"2932","OTU_6203"
"2933","OTU_628"
"2934","OTU_10059"
"2935","OTU_1297"
"2936","OTU_986"
"2937","OTU_2615"
"2938","OTU_1139"
"2939","OTU_13174"
"2940","OTU_6287"
"2941","OTU_2747"
"2942","OTU_922"
"2943","OTU_5603"
"2944","OTU_909"
"2945","OTU_8754"
"2946","OTU_7398"
"2947","OTU_1240"
"2948","OTU_12018"
"2949","OTU_8630"
"2950","OTU_3484"
"2951","OTU_9418"
"2952","OTU_248"
"2953","OTU_14302"
"2954","OTU_2842"
"2955","OTU_9001"
"2956","OTU_2583"
"2957","OTU_13455"
"2958","OTU_8674"
"2959","OTU_2142"
"2960","OTU_6692"
"2961","OTU_9450"
"2962","OTU_1032"
"2963","OTU_1363"
"2964","OTU_6779"
"2965","OTU_6052"
"2966","OTU_3872"
"2967","OTU_2074"
"2968","OTU_613"
"2969","OTU_9409"
"2970","OTU_1440"
"2971","OTU_7866"
"2972","OTU_6081"
"2973","OTU_4669"
"2974","OTU_6799"
"2975","OTU_5162"
"2976","OTU_2107"
"2977","OTU_14086"
"2978","OTU_11764"
"2979","OTU_3009"
"2980","OTU_7573"
"2981","OTU_10384"
"2982","OTU_1635"
"2983","OTU_6354"
"2984","OTU_2861"
"2985","OTU_155"
"2986","OTU_13115"
"2987","OTU_2258"
"2988","OTU_2313"
"2989","OTU_321"
"2990","OTU_1721"
"2991","OTU_12015"
"2992","OTU_6295"
"2993","OTU_4530"
"2994","OTU_4226"
"2995","OTU_2389"
"2996","OTU_5334"
"2997","OTU_2837"
"2998","OTU_5825"
"2999","OTU_14305"
"3000","OTU_2416"
