"","taxon.name"
"1","OTU_6339"
"2","OTU_2370"
"3","OTU_7218"
"4","OTU_1780"
"5","OTU_600"
"6","OTU_3030"
"7","OTU_10088"
"8","OTU_361"
"9","OTU_8398"
"10","OTU_5031"
"11","OTU_1922"
"12","OTU_37"
"13","OTU_7220"
"14","OTU_8860"
"15","OTU_1013"
"16","OTU_10269"
"17","OTU_2810"
"18","OTU_112"
"19","OTU_276"
"20","OTU_4104"
"21","OTU_150"
"22","OTU_642"
"23","OTU_4304"
"24","OTU_6279"
"25","OTU_4218"
"26","OTU_254"
"27","OTU_1751"
"28","OTU_777"
"29","OTU_4150"
"30","OTU_10136"
"31","OTU_771"
"32","OTU_14304"
"33","OTU_149"
"34","OTU_148"
"35","OTU_5863"
"36","OTU_256"
"37","OTU_10309"
"38","OTU_4231"
"39","OTU_1831"
"40","OTU_6295"
"41","OTU_6256"
"42","OTU_800"
"43","OTU_504"
"44","OTU_1034"
"45","OTU_1429"
"46","OTU_12874"
"47","OTU_1516"
"48","OTU_415"
"49","OTU_5919"
"50","OTU_6791"
"51","OTU_3239"
"52","OTU_11590"
"53","OTU_2389"
"54","OTU_952"
"55","OTU_817"
"56","OTU_3010"
"57","OTU_4655"
"58","OTU_1569"
"59","OTU_3845"
"60","OTU_811"
"61","OTU_2881"
"62","OTU_778"
"63","OTU_6167"
"64","OTU_380"
"65","OTU_3739"
"66","OTU_321"
"67","OTU_9001"
"68","OTU_2668"
"69","OTU_1775"
"70","OTU_2330"
"71","OTU_1659"
"72","OTU_10574"
"73","OTU_83"
"74","OTU_2251"
"75","OTU_6378"
"76","OTU_3516"
"77","OTU_599"
"78","OTU_297"
"79","OTU_13496"
"80","OTU_13796"
"81","OTU_3716"
"82","OTU_14021"
"83","OTU_7785"
"84","OTU_10616"
"85","OTU_2738"
"86","OTU_757"
"87","OTU_1629"
"88","OTU_2394"
"89","OTU_14000"
"90","OTU_609"
"91","OTU_6780"
"92","OTU_7659"
"93","OTU_1270"
"94","OTU_6062"
"95","OTU_12701"
"96","OTU_6240"
"97","OTU_14163"
"98","OTU_2288"
"99","OTU_7943"
"100","OTU_9145"
"101","OTU_1427"
"102","OTU_2708"
"103","OTU_5562"
"104","OTU_2107"
"105","OTU_11038"
"106","OTU_1772"
"107","OTU_4694"
"108","OTU_7086"
"109","OTU_13415"
"110","OTU_9678"
"111","OTU_2009"
"112","OTU_7933"
"113","OTU_4788"
"114","OTU_1579"
"115","OTU_773"
"116","OTU_1552"
"117","OTU_12273"
"118","OTU_7758"
"119","OTU_8459"
"120","OTU_6539"
"121","OTU_4309"
"122","OTU_4706"
"123","OTU_6035"
"124","OTU_1600"
"125","OTU_5865"
"126","OTU_1798"
"127","OTU_4307"
"128","OTU_14198"
"129","OTU_1164"
"130","OTU_6074"
"131","OTU_12152"
"132","OTU_1301"
"133","OTU_7900"
"134","OTU_2268"
"135","OTU_1177"
"136","OTU_2766"
"137","OTU_2011"
"138","OTU_12202"
"139","OTU_7689"
"140","OTU_13637"
"141","OTU_10550"
"142","OTU_14053"
"143","OTU_12921"
"144","OTU_8572"
"145","OTU_8891"
"146","OTU_8663"
"147","OTU_923"
"148","OTU_6268"
"149","OTU_3982"
"150","OTU_5835"
"151","OTU_1951"
"152","OTU_5952"
"153","OTU_2045"
"154","OTU_1346"
"155","OTU_859"
"156","OTU_3056"
"157","OTU_1571"
"158","OTU_2086"
"159","OTU_5264"
"160","OTU_7"
"161","OTU_8077"
"162","OTU_8541"
"163","OTU_156"
"164","OTU_5299"
"165","OTU_5147"
"166","OTU_2704"
"167","OTU_3768"
"168","OTU_8854"
"169","OTU_10835"
"170","OTU_5083"
"171","OTU_10207"
"172","OTU_1"
"173","OTU_13824"
"174","OTU_5654"
"175","OTU_244"
"176","OTU_263"
"177","OTU_239"
"178","OTU_277"
"179","OTU_1405"
"180","OTU_2028"
"181","OTU_90"
"182","OTU_911"
"183","OTU_2615"
"184","OTU_193"
"185","OTU_3906"
"186","OTU_81"
"187","OTU_194"
"188","OTU_829"
"189","OTU_4347"
"190","OTU_8015"
"191","OTU_3081"
"192","OTU_1952"
"193","OTU_922"
"194","OTU_548"
"195","OTU_4644"
"196","OTU_10925"
"197","OTU_933"
"198","OTU_10246"
"199","OTU_7663"
"200","OTU_4056"
"201","OTU_13562"
"202","OTU_359"
"203","OTU_533"
"204","OTU_1939"
"205","OTU_10312"
"206","OTU_1424"
"207","OTU_12050"
"208","OTU_1675"
"209","OTU_4305"
"210","OTU_8"
"211","OTU_3"
"212","OTU_1325"
"213","OTU_245"
"214","OTU_4272"
"215","OTU_1909"
"216","OTU_34"
"217","OTU_382"
"218","OTU_10146"
"219","OTU_4731"
"220","OTU_1565"
"221","OTU_4184"
"222","OTU_227"
"223","OTU_1292"
"224","OTU_26"
"225","OTU_35"
"226","OTU_27"
"227","OTU_812"
"228","OTU_1473"
"229","OTU_5631"
"230","OTU_13867"
"231","OTU_4971"
"232","OTU_13348"
"233","OTU_13640"
"234","OTU_5826"
"235","OTU_11986"
"236","OTU_3854"
"237","OTU_4617"
"238","OTU_5417"
"239","OTU_146"
"240","OTU_3599"
"241","OTU_3833"
"242","OTU_12812"
"243","OTU_1495"
"244","OTU_1209"
"245","OTU_2908"
"246","OTU_372"
"247","OTU_8356"
"248","OTU_3356"
"249","OTU_7996"
"250","OTU_12389"
"251","OTU_12244"
"252","OTU_3666"
"253","OTU_7002"
"254","OTU_6484"
"255","OTU_257"
"256","OTU_6928"
"257","OTU_4001"
"258","OTU_6449"
"259","OTU_9341"
"260","OTU_11175"
"261","OTU_4254"
"262","OTU_5566"
"263","OTU_12740"
"264","OTU_10059"
"265","OTU_11730"
"266","OTU_268"
"267","OTU_7084"
"268","OTU_5119"
"269","OTU_11912"
"270","OTU_968"
"271","OTU_1973"
"272","OTU_11954"
"273","OTU_2538"
"274","OTU_448"
"275","OTU_3384"
"276","OTU_5204"
"277","OTU_1032"
"278","OTU_1220"
"279","OTU_2579"
"280","OTU_691"
"281","OTU_718"
"282","OTU_1872"
"283","OTU_11670"
"284","OTU_5171"
"285","OTU_10401"
"286","OTU_12887"
"287","OTU_10832"
"288","OTU_465"
"289","OTU_5626"
"290","OTU_2244"
"291","OTU_11451"
"292","OTU_13761"
"293","OTU_7068"
"294","OTU_920"
"295","OTU_7107"
"296","OTU_4065"
"297","OTU_550"
"298","OTU_12875"
"299","OTU_4073"
"300","OTU_454"
"301","OTU_12911"
"302","OTU_5649"
"303","OTU_756"
"304","OTU_4208"
"305","OTU_11741"
"306","OTU_9350"
"307","OTU_198"
"308","OTU_6252"
"309","OTU_832"
"310","OTU_587"
"311","OTU_5100"
"312","OTU_739"
"313","OTU_271"
"314","OTU_5018"
"315","OTU_13785"
"316","OTU_2176"
"317","OTU_9583"
"318","OTU_163"
"319","OTU_5074"
"320","OTU_1575"
"321","OTU_363"
"322","OTU_3051"
"323","OTU_588"
"324","OTU_4242"
"325","OTU_9693"
"326","OTU_2588"
"327","OTU_1040"
"328","OTU_3346"
"329","OTU_9845"
"330","OTU_2562"
"331","OTU_3756"
"332","OTU_2548"
"333","OTU_1588"
"334","OTU_2622"
"335","OTU_789"
"336","OTU_4182"
"337","OTU_12584"
"338","OTU_273"
"339","OTU_466"
"340","OTU_12114"
"341","OTU_8529"
"342","OTU_8845"
"343","OTU_706"
"344","OTU_2032"
"345","OTU_3595"
"346","OTU_494"
"347","OTU_2734"
"348","OTU_11235"
"349","OTU_2820"
"350","OTU_1577"
"351","OTU_1344"
"352","OTU_10167"
"353","OTU_1231"
"354","OTU_2594"
"355","OTU_9047"
"356","OTU_1801"
"357","OTU_12367"
"358","OTU_7387"
"359","OTU_38"
"360","OTU_1291"
"361","OTU_1214"
"362","OTU_2"
"363","OTU_284"
"364","OTU_208"
"365","OTU_12320"
"366","OTU_64"
"367","OTU_459"
"368","OTU_1536"
"369","OTU_2510"
"370","OTU_1328"
"371","OTU_2105"
"372","OTU_1440"
"373","OTU_552"
"374","OTU_2532"
"375","OTU_1873"
"376","OTU_13843"
"377","OTU_1882"
"378","OTU_2258"
"379","OTU_790"
"380","OTU_2698"
"381","OTU_9611"
"382","OTU_1406"
"383","OTU_4154"
"384","OTU_2553"
"385","OTU_11229"
"386","OTU_5157"
"387","OTU_12771"
"388","OTU_7162"
"389","OTU_5992"
"390","OTU_2468"
"391","OTU_2424"
"392","OTU_664"
"393","OTU_2868"
"394","OTU_4164"
"395","OTU_2480"
"396","OTU_11945"
"397","OTU_13121"
"398","OTU_1090"
"399","OTU_3302"
"400","OTU_12017"
"401","OTU_2687"
"402","OTU_1370"
"403","OTU_1045"
"404","OTU_2552"
"405","OTU_4262"
"406","OTU_9870"
"407","OTU_2533"
"408","OTU_1863"
"409","OTU_868"
"410","OTU_5386"
"411","OTU_8058"
"412","OTU_12109"
"413","OTU_41"
"414","OTU_1795"
"415","OTU_157"
"416","OTU_3286"
"417","OTU_787"
"418","OTU_4638"
"419","OTU_7148"
"420","OTU_8500"
"421","OTU_2749"
"422","OTU_2707"
"423","OTU_404"
"424","OTU_9894"
"425","OTU_2021"
"426","OTU_1855"
"427","OTU_2101"
"428","OTU_6829"
"429","OTU_2273"
"430","OTU_2431"
"431","OTU_10425"
"432","OTU_5455"
"433","OTU_9482"
"434","OTU_2895"
"435","OTU_5173"
"436","OTU_784"
"437","OTU_5747"
"438","OTU_2049"
"439","OTU_6589"
"440","OTU_8426"
"441","OTU_10741"
"442","OTU_1729"
"443","OTU_1126"
"444","OTU_2736"
"445","OTU_4630"
"446","OTU_3816"
"447","OTU_4671"
"448","OTU_9910"
"449","OTU_4257"
"450","OTU_1408"
"451","OTU_3620"
"452","OTU_13469"
"453","OTU_1069"
"454","OTU_3930"
"455","OTU_1669"
"456","OTU_606"
"457","OTU_3437"
"458","OTU_2583"
"459","OTU_2230"
"460","OTU_635"
"461","OTU_7078"
"462","OTU_6500"
"463","OTU_293"
"464","OTU_133"
"465","OTU_4114"
"466","OTU_2845"
"467","OTU_4686"
"468","OTU_1978"
"469","OTU_924"
"470","OTU_3233"
"471","OTU_5162"
"472","OTU_446"
"473","OTU_84"
"474","OTU_9"
"475","OTU_10329"
"476","OTU_13098"
"477","OTU_5254"
"478","OTU_6836"
"479","OTU_592"
"480","OTU_1067"
"481","OTU_4922"
"482","OTU_6793"
"483","OTU_769"
"484","OTU_2473"
"485","OTU_6887"
"486","OTU_5379"
"487","OTU_6574"
"488","OTU_3517"
"489","OTU_861"
"490","OTU_1393"
"491","OTU_844"
"492","OTU_214"
"493","OTU_327"
"494","OTU_11575"
"495","OTU_378"
"496","OTU_184"
"497","OTU_5311"
"498","OTU_95"
"499","OTU_11627"
"500","OTU_259"
"501","OTU_1415"
"502","OTU_7460"
"503","OTU_1814"
"504","OTU_394"
"505","OTU_965"
"506","OTU_6446"
"507","OTU_2869"
"508","OTU_2077"
"509","OTU_8841"
"510","OTU_7502"
"511","OTU_1819"
"512","OTU_1544"
"513","OTU_166"
"514","OTU_12018"
"515","OTU_5333"
"516","OTU_1159"
"517","OTU_7041"
"518","OTU_11764"
"519","OTU_1068"
"520","OTU_3827"
"521","OTU_346"
"522","OTU_7903"
"523","OTU_3632"
"524","OTU_3147"
"525","OTU_2982"
"526","OTU_331"
"527","OTU_5131"
"528","OTU_4107"
"529","OTU_1743"
"530","OTU_708"
"531","OTU_13563"
"532","OTU_7036"
"533","OTU_723"
"534","OTU_12946"
"535","OTU_11295"
"536","OTU_1712"
"537","OTU_6340"
"538","OTU_5172"
"539","OTU_6598"
"540","OTU_6093"
"541","OTU_12030"
"542","OTU_12826"
"543","OTU_9270"
"544","OTU_2024"
"545","OTU_2798"
"546","OTU_11254"
"547","OTU_5558"
"548","OTU_510"
"549","OTU_4105"
"550","OTU_12135"
"551","OTU_2565"
"552","OTU_9083"
"553","OTU_7661"
"554","OTU_4960"
"555","OTU_1244"
"556","OTU_29"
"557","OTU_11526"
"558","OTU_1938"
"559","OTU_14305"
"560","OTU_42"
"561","OTU_10722"
"562","OTU_9514"
"563","OTU_9824"
"564","OTU_4510"
"565","OTU_12340"
"566","OTU_10729"
"567","OTU_10148"
"568","OTU_10569"
"569","OTU_4359"
"570","OTU_1180"
"571","OTU_7546"
"572","OTU_2528"
"573","OTU_7705"
"574","OTU_13027"
"575","OTU_570"
"576","OTU_324"
"577","OTU_9292"
"578","OTU_190"
"579","OTU_1573"
"580","OTU_328"
"581","OTU_13794"
"582","OTU_2593"
"583","OTU_6463"
"584","OTU_8404"
"585","OTU_12432"
"586","OTU_4310"
"587","OTU_6646"
"588","OTU_5770"
"589","OTU_14340"
"590","OTU_210"
"591","OTU_2469"
"592","OTU_3860"
"593","OTU_6579"
"594","OTU_4838"
"595","OTU_13478"
"596","OTU_13512"
"597","OTU_3576"
"598","OTU_7024"
"599","OTU_6582"
"600","OTU_13207"
"601","OTU_3470"
"602","OTU_13559"
"603","OTU_12816"
"604","OTU_11981"
"605","OTU_5849"
"606","OTU_12178"
"607","OTU_3498"
"608","OTU_3144"
"609","OTU_10069"
"610","OTU_13140"
"611","OTU_6724"
"612","OTU_1948"
"613","OTU_4802"
"614","OTU_8774"
"615","OTU_44"
"616","OTU_6"
"617","OTU_1339"
"618","OTU_1114"
"619","OTU_596"
"620","OTU_4668"
"621","OTU_128"
"622","OTU_698"
"623","OTU_2476"
"624","OTU_6055"
"625","OTU_1614"
"626","OTU_13324"
"627","OTU_3944"
"628","OTU_32"
"629","OTU_1101"
"630","OTU_12265"
"631","OTU_4914"
"632","OTU_491"
"633","OTU_2951"
"634","OTU_7034"
"635","OTU_1022"
"636","OTU_3001"
"637","OTU_4315"
"638","OTU_6270"
"639","OTU_10022"
"640","OTU_9133"
"641","OTU_1580"
"642","OTU_3740"
"643","OTU_2980"
"644","OTU_3354"
"645","OTU_3696"
"646","OTU_13667"
"647","OTU_7093"
"648","OTU_371"
"649","OTU_7154"
"650","OTU_4023"
"651","OTU_1375"
"652","OTU_13906"
"653","OTU_8499"
"654","OTU_8509"
"655","OTU_6020"
"656","OTU_93"
"657","OTU_2753"
"658","OTU_1779"
"659","OTU_2803"
"660","OTU_8371"
"661","OTU_1230"
"662","OTU_2395"
"663","OTU_5453"
"664","OTU_13519"
"665","OTU_13879"
"666","OTU_5978"
"667","OTU_11968"
"668","OTU_7883"
"669","OTU_5573"
"670","OTU_11436"
"671","OTU_2184"
"672","OTU_5851"
"673","OTU_13400"
"674","OTU_367"
"675","OTU_11215"
"676","OTU_20"
"677","OTU_11832"
"678","OTU_5881"
"679","OTU_515"
"680","OTU_3461"
"681","OTU_10417"
"682","OTU_1663"
"683","OTU_1601"
"684","OTU_192"
"685","OTU_16"
"686","OTU_318"
"687","OTU_11936"
"688","OTU_2471"
"689","OTU_1313"
"690","OTU_25"
"691","OTU_2190"
"692","OTU_854"
"693","OTU_2653"
"694","OTU_2005"
"695","OTU_6232"
"696","OTU_839"
"697","OTU_10930"
"698","OTU_4300"
"699","OTU_630"
"700","OTU_79"
"701","OTU_11920"
"702","OTU_2229"
"703","OTU_1867"
"704","OTU_6718"
"705","OTU_1297"
"706","OTU_19"
"707","OTU_747"
"708","OTU_994"
"709","OTU_2814"
"710","OTU_10487"
"711","OTU_4987"
"712","OTU_9520"
"713","OTU_916"
"714","OTU_4348"
"715","OTU_1437"
"716","OTU_523"
"717","OTU_2416"
"718","OTU_10325"
"719","OTU_7865"
"720","OTU_96"
"721","OTU_1654"
"722","OTU_13647"
"723","OTU_135"
"724","OTU_6472"
"725","OTU_13944"
"726","OTU_13016"
"727","OTU_12963"
"728","OTU_5604"
"729","OTU_145"
"730","OTU_1665"
"731","OTU_12815"
"732","OTU_5553"
"733","OTU_7112"
"734","OTU_9908"
"735","OTU_5441"
"736","OTU_1998"
"737","OTU_104"
"738","OTU_6709"
"739","OTU_9929"
"740","OTU_8883"
"741","OTU_116"
"742","OTU_11664"
"743","OTU_4587"
"744","OTU_6380"
"745","OTU_2691"
"746","OTU_8042"
"747","OTU_1288"
"748","OTU_4008"
"749","OTU_12184"
"750","OTU_8985"
"751","OTU_896"
"752","OTU_6853"
"753","OTU_8496"
"754","OTU_6820"
"755","OTU_6607"
"756","OTU_6804"
"757","OTU_1125"
"758","OTU_1102"
"759","OTU_1103"
"760","OTU_6442"
"761","OTU_9304"
"762","OTU_1582"
"763","OTU_2246"
"764","OTU_3897"
"765","OTU_501"
"766","OTU_841"
"767","OTU_8960"
"768","OTU_138"
"769","OTU_1782"
"770","OTU_4637"
"771","OTU_4060"
"772","OTU_283"
"773","OTU_7018"
"774","OTU_439"
"775","OTU_1524"
"776","OTU_2885"
"777","OTU_14223"
"778","OTU_7117"
"779","OTU_4669"
"780","OTU_8518"
"781","OTU_8788"
"782","OTU_8855"
"783","OTU_3141"
"784","OTU_9005"
"785","OTU_4435"
"786","OTU_10222"
"787","OTU_3307"
"788","OTU_7965"
"789","OTU_2714"
"790","OTU_5737"
"791","OTU_4849"
"792","OTU_13523"
"793","OTU_4286"
"794","OTU_13026"
"795","OTU_4600"
"796","OTU_4287"
"797","OTU_12603"
"798","OTU_4588"
"799","OTU_14266"
"800","OTU_2034"
"801","OTU_3957"
"802","OTU_4530"
"803","OTU_6255"
"804","OTU_11521"
"805","OTU_6895"
"806","OTU_2948"
"807","OTU_205"
"808","OTU_5784"
"809","OTU_1322"
"810","OTU_48"
"811","OTU_1640"
"812","OTU_2817"
"813","OTU_4929"
"814","OTU_2523"
"815","OTU_2747"
"816","OTU_9479"
"817","OTU_1541"
"818","OTU_97"
"819","OTU_2142"
"820","OTU_2509"
"821","OTU_1655"
"822","OTU_3000"
"823","OTU_221"
"824","OTU_5989"
"825","OTU_387"
"826","OTU_13174"
"827","OTU_53"
"828","OTU_993"
"829","OTU_2348"
"830","OTU_339"
"831","OTU_10876"
"832","OTU_6152"
"833","OTU_290"
"834","OTU_1476"
"835","OTU_13927"
"836","OTU_802"
"837","OTU_13470"
"838","OTU_1134"
"839","OTU_2883"
"840","OTU_7417"
"841","OTU_7437"
"842","OTU_1150"
"843","OTU_498"
"844","OTU_6094"
"845","OTU_1719"
"846","OTU_6100"
"847","OTU_12301"
"848","OTU_1088"
"849","OTU_1693"
"850","OTU_3107"
"851","OTU_865"
"852","OTU_13719"
"853","OTU_598"
"854","OTU_160"
"855","OTU_13858"
"856","OTU_2804"
"857","OTU_4666"
"858","OTU_1691"
"859","OTU_1920"
"860","OTU_1012"
"861","OTU_2434"
"862","OTU_171"
"863","OTU_144"
"864","OTU_199"
"865","OTU_6375"
"866","OTU_7757"
"867","OTU_1874"
"868","OTU_5186"
"869","OTU_2604"
"870","OTU_1818"
"871","OTU_3162"
"872","OTU_1733"
"873","OTU_904"
"874","OTU_2216"
"875","OTU_2706"
"876","OTU_7866"
"877","OTU_4193"
"878","OTU_8418"
"879","OTU_334"
"880","OTU_1318"
"881","OTU_1431"
"882","OTU_6888"
"883","OTU_1352"
"884","OTU_6889"
"885","OTU_6960"
"886","OTU_575"
"887","OTU_11209"
"888","OTU_499"
"889","OTU_9282"
"890","OTU_480"
"891","OTU_2623"
"892","OTU_6584"
"893","OTU_12504"
"894","OTU_187"
"895","OTU_407"
"896","OTU_304"
"897","OTU_4682"
"898","OTU_7616"
"899","OTU_716"
"900","OTU_2777"
"901","OTU_12254"
"902","OTU_2630"
"903","OTU_7074"
"904","OTU_6779"
"905","OTU_5438"
"906","OTU_6816"
"907","OTU_4423"
"908","OTU_296"
"909","OTU_6091"
"910","OTU_211"
"911","OTU_8542"
"912","OTU_8309"
"913","OTU_183"
"914","OTU_152"
"915","OTU_617"
"916","OTU_1525"
"917","OTU_3487"
"918","OTU_8763"
"919","OTU_3464"
"920","OTU_1521"
"921","OTU_764"
"922","OTU_354"
"923","OTU_1686"
"924","OTU_10127"
"925","OTU_8857"
"926","OTU_1115"
"927","OTU_584"
"928","OTU_1434"
"929","OTU_202"
"930","OTU_12059"
"931","OTU_13873"
"932","OTU_1425"
"933","OTU_843"
"934","OTU_1316"
"935","OTU_2498"
"936","OTU_74"
"937","OTU_689"
"938","OTU_395"
"939","OTU_921"
"940","OTU_597"
"941","OTU_825"
"942","OTU_3878"
"943","OTU_2266"
"944","OTU_1506"
"945","OTU_2918"
"946","OTU_13025"
"947","OTU_10648"
"948","OTU_7656"
"949","OTU_2414"
"950","OTU_1770"
"951","OTU_1462"
"952","OTU_4291"
"953","OTU_2535"
"954","OTU_5293"
"955","OTU_165"
"956","OTU_10828"
"957","OTU_1155"
"958","OTU_14137"
"959","OTU_10245"
"960","OTU_440"
"961","OTU_1946"
"962","OTU_582"
"963","OTU_4703"
"964","OTU_9942"
"965","OTU_1982"
"966","OTU_2079"
"967","OTU_1522"
"968","OTU_4761"
"969","OTU_3241"
"970","OTU_1503"
"971","OTU_5883"
"972","OTU_6283"
"973","OTU_1976"
"974","OTU_7032"
"975","OTU_6865"
"976","OTU_8662"
"977","OTU_1361"
"978","OTU_4950"
"979","OTU_1682"
"980","OTU_9021"
"981","OTU_2081"
"982","OTU_347"
"983","OTU_2540"
"984","OTU_4351"
"985","OTU_2816"
"986","OTU_343"
"987","OTU_6630"
"988","OTU_355"
"989","OTU_4771"
"990","OTU_4444"
"991","OTU_1757"
"992","OTU_7897"
"993","OTU_1309"
"994","OTU_13930"
"995","OTU_342"
"996","OTU_6271"
"997","OTU_10686"
"998","OTU_417"
"999","OTU_2042"
"1000","OTU_2277"
"1001","OTU_1808"
"1002","OTU_5501"
"1003","OTU_4504"
"1004","OTU_4186"
"1005","OTU_7759"
"1006","OTU_11127"
"1007","OTU_5004"
"1008","OTU_6309"
"1009","OTU_6656"
"1010","OTU_4677"
"1011","OTU_12100"
"1012","OTU_5125"
"1013","OTU_1200"
"1014","OTU_236"
"1015","OTU_5788"
"1016","OTU_5954"
"1017","OTU_4749"
"1018","OTU_950"
"1019","OTU_2932"
"1020","OTU_4343"
"1021","OTU_7890"
"1022","OTU_1378"
"1023","OTU_7321"
"1024","OTU_2595"
"1025","OTU_2811"
"1026","OTU_2971"
"1027","OTU_11187"
"1028","OTU_11128"
"1029","OTU_9547"
"1030","OTU_8793"
"1031","OTU_2697"
"1032","OTU_10227"
"1033","OTU_9401"
"1034","OTU_2161"
"1035","OTU_7534"
"1036","OTU_8831"
"1037","OTU_1254"
"1038","OTU_10933"
"1039","OTU_7795"
"1040","OTU_9930"
"1041","OTU_1118"
"1042","OTU_6910"
"1043","OTU_5678"
"1044","OTU_1242"
"1045","OTU_1451"
"1046","OTU_3806"
"1047","OTU_2407"
"1048","OTU_518"
"1049","OTU_8770"
"1050","OTU_973"
"1051","OTU_1055"
"1052","OTU_14176"
"1053","OTU_3484"
"1054","OTU_9664"
"1055","OTU_1871"
"1056","OTU_2809"
"1057","OTU_6988"
"1058","OTU_12106"
"1059","OTU_2681"
"1060","OTU_1958"
"1061","OTU_9903"
"1062","OTU_6518"
"1063","OTU_1011"
"1064","OTU_3479"
"1065","OTU_1263"
"1066","OTU_6947"
"1067","OTU_3210"
"1068","OTU_326"
"1069","OTU_3936"
"1070","OTU_4896"
"1071","OTU_1745"
"1072","OTU_6743"
"1073","OTU_11510"
"1074","OTU_2776"
"1075","OTU_12535"
"1076","OTU_4019"
"1077","OTU_10645"
"1078","OTU_9915"
"1079","OTU_4282"
"1080","OTU_4616"
"1081","OTU_13414"
"1082","OTU_4159"
"1083","OTU_9367"
"1084","OTU_6226"
"1085","OTU_2481"
"1086","OTU_4243"
"1087","OTU_5244"
"1088","OTU_6972"
"1089","OTU_5493"
"1090","OTU_8279"
"1091","OTU_400"
"1092","OTU_6071"
"1093","OTU_5779"
"1094","OTU_5915"
"1095","OTU_6037"
"1096","OTU_9109"
"1097","OTU_1684"
"1098","OTU_6447"
"1099","OTU_7072"
"1100","OTU_13225"
"1101","OTU_2472"
"1102","OTU_1981"
"1103","OTU_4492"
"1104","OTU_481"
"1105","OTU_449"
"1106","OTU_13552"
"1107","OTU_2839"
"1108","OTU_7195"
"1109","OTU_6792"
"1110","OTU_729"
"1111","OTU_5371"
"1112","OTU_2875"
"1113","OTU_86"
"1114","OTU_262"
"1115","OTU_2297"
"1116","OTU_6394"
"1117","OTU_13790"
"1118","OTU_6358"
"1119","OTU_6201"
"1120","OTU_6602"
"1121","OTU_6137"
"1122","OTU_765"
"1123","OTU_13891"
"1124","OTU_6585"
"1125","OTU_2853"
"1126","OTU_6079"
"1127","OTU_7105"
"1128","OTU_7268"
"1129","OTU_11351"
"1130","OTU_1993"
"1131","OTU_1721"
"1132","OTU_1531"
"1133","OTU_10559"
"1134","OTU_13004"
"1135","OTU_5565"
"1136","OTU_8665"
"1137","OTU_2985"
"1138","OTU_335"
"1139","OTU_375"
"1140","OTU_4741"
"1141","OTU_760"
"1142","OTU_2352"
"1143","OTU_251"
"1144","OTU_13317"
"1145","OTU_11982"
"1146","OTU_2648"
"1147","OTU_6135"
"1148","OTU_6077"
"1149","OTU_6351"
"1150","OTU_13069"
"1151","OTU_2116"
"1152","OTU_11210"
"1153","OTU_1749"
"1154","OTU_6613"
"1155","OTU_230"
"1156","OTU_6866"
"1157","OTU_1644"
"1158","OTU_2743"
"1159","OTU_5789"
"1160","OTU_3294"
"1161","OTU_71"
"1162","OTU_10688"
"1163","OTU_2164"
"1164","OTU_948"
"1165","OTU_3882"
"1166","OTU_2123"
"1167","OTU_3894"
"1168","OTU_1381"
"1169","OTU_5135"
"1170","OTU_11034"
"1171","OTU_11129"
"1172","OTU_5857"
"1173","OTU_12595"
"1174","OTU_4720"
"1175","OTU_4853"
"1176","OTU_1389"
"1177","OTU_7948"
"1178","OTU_8050"
"1179","OTU_8449"
"1180","OTU_14092"
"1181","OTU_12269"
"1182","OTU_539"
"1183","OTU_621"
"1184","OTU_11889"
"1185","OTU_6570"
"1186","OTU_12735"
"1187","OTU_703"
"1188","OTU_226"
"1189","OTU_563"
"1190","OTU_1387"
"1191","OTU_3749"
"1192","OTU_7398"
"1193","OTU_2233"
"1194","OTU_3155"
"1195","OTU_1532"
"1196","OTU_484"
"1197","OTU_6684"
"1198","OTU_13839"
"1199","OTU_1335"
"1200","OTU_1478"
"1201","OTU_6444"
"1202","OTU_1006"
"1203","OTU_1362"
"1204","OTU_1797"
"1205","OTU_127"
"1206","OTU_673"
"1207","OTU_3580"
"1208","OTU_203"
"1209","OTU_1221"
"1210","OTU_4996"
"1211","OTU_3730"
"1212","OTU_4955"
"1213","OTU_969"
"1214","OTU_628"
"1215","OTU_4130"
"1216","OTU_5363"
"1217","OTU_2672"
"1218","OTU_4816"
"1219","OTU_9556"
"1220","OTU_1046"
"1221","OTU_7818"
"1222","OTU_791"
"1223","OTU_1734"
"1224","OTU_125"
"1225","OTU_1963"
"1226","OTU_4556"
"1227","OTU_818"
"1228","OTU_4624"
"1229","OTU_6379"
"1230","OTU_3839"
"1231","OTU_255"
"1232","OTU_6967"
"1233","OTU_1603"
"1234","OTU_433"
"1235","OTU_1394"
"1236","OTU_2404"
"1237","OTU_6625"
"1238","OTU_6890"
"1239","OTU_3537"
"1240","OTU_2415"
"1241","OTU_9809"
"1242","OTU_2068"
"1243","OTU_9715"
"1244","OTU_3553"
"1245","OTU_7139"
"1246","OTU_3078"
"1247","OTU_1235"
"1248","OTU_1142"
"1249","OTU_10028"
"1250","OTU_2213"
"1251","OTU_7837"
"1252","OTU_3872"
"1253","OTU_14171"
"1254","OTU_1709"
"1255","OTU_1742"
"1256","OTU_1444"
"1257","OTU_8906"
"1258","OTU_5019"
"1259","OTU_463"
"1260","OTU_9696"
"1261","OTU_3027"
"1262","OTU_816"
"1263","OTU_590"
"1264","OTU_325"
"1265","OTU_586"
"1266","OTU_7181"
"1267","OTU_1507"
"1268","OTU_11106"
"1269","OTU_4248"
"1270","OTU_9397"
"1271","OTU_3800"
"1272","OTU_12498"
"1273","OTU_9450"
"1274","OTU_4580"
"1275","OTU_12974"
"1276","OTU_1979"
"1277","OTU_6155"
"1278","OTU_4673"
"1279","OTU_687"
"1280","OTU_3120"
"1281","OTU_4264"
"1282","OTU_2339"
"1283","OTU_7066"
"1284","OTU_6070"
"1285","OTU_5105"
"1286","OTU_12158"
"1287","OTU_4558"
"1288","OTU_13206"
"1289","OTU_9449"
"1290","OTU_804"
"1291","OTU_2916"
"1292","OTU_231"
"1293","OTU_2901"
"1294","OTU_1960"
"1295","OTU_833"
"1296","OTU_5595"
"1297","OTU_875"
"1298","OTU_5862"
"1299","OTU_4837"
"1300","OTU_13874"
"1301","OTU_2911"
"1302","OTU_1499"
"1303","OTU_2907"
"1304","OTU_3016"
"1305","OTU_12398"
"1306","OTU_139"
"1307","OTU_5888"
"1308","OTU_7152"
"1309","OTU_9150"
"1310","OTU_3256"
"1311","OTU_2695"
"1312","OTU_14005"
"1313","OTU_5429"
"1314","OTU_4302"
"1315","OTU_12322"
"1316","OTU_2861"
"1317","OTU_512"
"1318","OTU_8824"
"1319","OTU_3438"
"1320","OTU_3753"
"1321","OTU_1505"
"1322","OTU_8882"
"1323","OTU_13783"
"1324","OTU_6626"
"1325","OTU_5870"
"1326","OTU_8230"
"1327","OTU_4689"
"1328","OTU_4453"
"1329","OTU_99"
"1330","OTU_3636"
"1331","OTU_579"
"1332","OTU_105"
"1333","OTU_1520"
"1334","OTU_2428"
"1335","OTU_7737"
"1336","OTU_8785"
"1337","OTU_3095"
"1338","OTU_5348"
"1339","OTU_13757"
"1340","OTU_6292"
"1341","OTU_9361"
"1342","OTU_535"
"1343","OTU_3964"
"1344","OTU_6846"
"1345","OTU_4795"
"1346","OTU_5392"
"1347","OTU_977"
"1348","OTU_7035"
"1349","OTU_3893"
"1350","OTU_2457"
"1351","OTU_9662"
"1352","OTU_4743"
"1353","OTU_2575"
"1354","OTU_10923"
"1355","OTU_1554"
"1356","OTU_4475"
"1357","OTU_6692"
"1358","OTU_5150"
"1359","OTU_13966"
"1360","OTU_9841"
"1361","OTU_10180"
"1362","OTU_1202"
"1363","OTU_5241"
"1364","OTU_1539"
"1365","OTU_1699"
"1366","OTU_1342"
"1367","OTU_151"
"1368","OTU_2491"
"1369","OTU_482"
"1370","OTU_13036"
"1371","OTU_1097"
"1372","OTU_3485"
"1373","OTU_13043"
"1374","OTU_529"
"1375","OTU_6013"
"1376","OTU_6354"
"1377","OTU_3577"
"1378","OTU_349"
"1379","OTU_9597"
"1380","OTU_2057"
"1381","OTU_1511"
"1382","OTU_78"
"1383","OTU_4882"
"1384","OTU_5479"
"1385","OTU_7645"
"1386","OTU_3060"
"1387","OTU_1879"
"1388","OTU_8318"
"1389","OTU_7384"
"1390","OTU_2010"
"1391","OTU_2866"
"1392","OTU_2399"
"1393","OTU_13450"
"1394","OTU_291"
"1395","OTU_147"
"1396","OTU_9418"
"1397","OTU_36"
"1398","OTU_9137"
"1399","OTU_68"
"1400","OTU_1240"
"1401","OTU_332"
"1402","OTU_1059"
"1403","OTU_10543"
"1404","OTU_49"
"1405","OTU_2725"
"1406","OTU_709"
"1407","OTU_8067"
"1408","OTU_4909"
"1409","OTU_956"
"1410","OTU_6666"
"1411","OTU_10758"
"1412","OTU_3630"
"1413","OTU_640"
"1414","OTU_5866"
"1415","OTU_7109"
"1416","OTU_6052"
"1417","OTU_5357"
"1418","OTU_3237"
"1419","OTU_10254"
"1420","OTU_3645"
"1421","OTU_5511"
"1422","OTU_4289"
"1423","OTU_5342"
"1424","OTU_8546"
"1425","OTU_5388"
"1426","OTU_5153"
"1427","OTU_1574"
"1428","OTU_6422"
"1429","OTU_8674"
"1430","OTU_8764"
"1431","OTU_10864"
"1432","OTU_14001"
"1433","OTU_7283"
"1434","OTU_5803"
"1435","OTU_1783"
"1436","OTU_13795"
"1437","OTU_7413"
"1438","OTU_13371"
"1439","OTU_2855"
"1440","OTU_2448"
"1441","OTU_4767"
"1442","OTU_3036"
"1443","OTU_14230"
"1444","OTU_2711"
"1445","OTU_14193"
"1446","OTU_2986"
"1447","OTU_14150"
"1448","OTU_2780"
"1449","OTU_7651"
"1450","OTU_12827"
"1451","OTU_5798"
"1452","OTU_197"
"1453","OTU_333"
"1454","OTU_1198"
"1455","OTU_4219"
"1456","OTU_715"
"1457","OTU_140"
"1458","OTU_1758"
"1459","OTU_1513"
"1460","OTU_411"
"1461","OTU_3436"
"1462","OTU_4234"
"1463","OTU_5828"
"1464","OTU_391"
"1465","OTU_517"
"1466","OTU_7323"
"1467","OTU_4956"
"1468","OTU_13323"
"1469","OTU_6381"
"1470","OTU_9511"
"1471","OTU_6363"
"1472","OTU_3998"
"1473","OTU_7411"
"1474","OTU_1051"
"1475","OTU_7991"
"1476","OTU_6927"
"1477","OTU_6487"
"1478","OTU_14288"
"1479","OTU_2382"
"1480","OTU_330"
"1481","OTU_2892"
"1482","OTU_338"
"1483","OTU_11683"
"1484","OTU_6821"
"1485","OTU_15"
"1486","OTU_3378"
"1487","OTU_3535"
"1488","OTU_11456"
"1489","OTU_3940"
"1490","OTU_1436"
"1491","OTU_118"
"1492","OTU_412"
"1493","OTU_5067"
"1494","OTU_1628"
"1495","OTU_7092"
"1496","OTU_4553"
"1497","OTU_6995"
"1498","OTU_4123"
"1499","OTU_3131"
"1500","OTU_207"
"1501","OTU_1635"
"1502","OTU_5282"
"1503","OTU_10128"
"1504","OTU_631"
"1505","OTU_12060"
"1506","OTU_2139"
"1507","OTU_313"
"1508","OTU_6040"
"1509","OTU_1455"
"1510","OTU_10122"
"1511","OTU_9879"
"1512","OTU_3865"
"1513","OTU_2006"
"1514","OTU_11016"
"1515","OTU_6210"
"1516","OTU_12251"
"1517","OTU_6042"
"1518","OTU_1664"
"1519","OTU_12643"
"1520","OTU_7540"
"1521","OTU_14032"
"1522","OTU_13779"
"1523","OTU_6837"
"1524","OTU_4388"
"1525","OTU_5638"
"1526","OTU_735"
"1527","OTU_2329"
"1528","OTU_4769"
"1529","OTU_10064"
"1530","OTU_4125"
"1531","OTU_1105"
"1532","OTU_7961"
"1533","OTU_2794"
"1534","OTU_5222"
"1535","OTU_1556"
"1536","OTU_6979"
"1537","OTU_123"
"1538","OTU_14062"
"1539","OTU_3214"
"1540","OTU_6220"
"1541","OTU_1834"
"1542","OTU_5512"
"1543","OTU_7118"
"1544","OTU_878"
"1545","OTU_4405"
"1546","OTU_1856"
"1547","OTU_502"
"1548","OTU_3762"
"1549","OTU_5028"
"1550","OTU_7533"
"1551","OTU_9721"
"1552","OTU_10548"
"1553","OTU_14006"
"1554","OTU_5261"
"1555","OTU_7611"
"1556","OTU_9697"
"1557","OTU_10898"
"1558","OTU_6047"
"1559","OTU_13078"
"1560","OTU_6458"
"1561","OTU_12798"
"1562","OTU_4602"
"1563","OTU_1143"
"1564","OTU_6274"
"1565","OTU_8196"
"1566","OTU_5334"
"1567","OTU_2454"
"1568","OTU_6336"
"1569","OTU_6153"
"1570","OTU_3449"
"1571","OTU_12171"
"1572","OTU_3652"
"1573","OTU_14201"
"1574","OTU_4239"
"1575","OTU_10808"
"1576","OTU_2770"
"1577","OTU_4383"
"1578","OTU_13548"
"1579","OTU_4276"
"1580","OTU_6273"
"1581","OTU_12587"
"1582","OTU_6725"
"1583","OTU_623"
"1584","OTU_3028"
"1585","OTU_1534"
"1586","OTU_10052"
"1587","OTU_5715"
"1588","OTU_7373"
"1589","OTU_7672"
"1590","OTU_10769"
"1591","OTU_6150"
"1592","OTU_13825"
"1593","OTU_3309"
"1594","OTU_9025"
"1595","OTU_6151"
"1596","OTU_13981"
"1597","OTU_6420"
"1598","OTU_4180"
"1599","OTU_14205"
"1600","OTU_5848"
"1601","OTU_1648"
"1602","OTU_13800"
"1603","OTU_2952"
"1604","OTU_5910"
"1605","OTU_7055"
"1606","OTU_1124"
"1607","OTU_2837"
"1608","OTU_4640"
"1609","OTU_8415"
"1610","OTU_12704"
"1611","OTU_7939"
"1612","OTU_4877"
"1613","OTU_3425"
"1614","OTU_11494"
"1615","OTU_2148"
"1616","OTU_776"
"1617","OTU_3818"
"1618","OTU_13893"
"1619","OTU_9971"
"1620","OTU_2859"
"1621","OTU_8667"
"1622","OTU_5988"
"1623","OTU_9160"
"1624","OTU_2834"
"1625","OTU_4496"
"1626","OTU_12809"
"1627","OTU_5956"
"1628","OTU_6335"
"1629","OTU_6507"
"1630","OTU_6627"
"1631","OTU_8365"
"1632","OTU_8630"
"1633","OTU_4900"
"1634","OTU_2679"
"1635","OTU_12764"
"1636","OTU_11151"
"1637","OTU_5586"
"1638","OTU_4883"
"1639","OTU_5136"
"1640","OTU_5346"
"1641","OTU_892"
"1642","OTU_2520"
"1643","OTU_8566"
"1644","OTU_6141"
"1645","OTU_12248"
"1646","OTU_2306"
"1647","OTU_1433"
"1648","OTU_4747"
"1649","OTU_6760"
"1650","OTU_2443"
"1651","OTU_3009"
"1652","OTU_9256"
"1653","OTU_4116"
"1654","OTU_8921"
"1655","OTU_810"
"1656","OTU_12015"
"1657","OTU_10074"
"1658","OTU_10291"
"1659","OTU_2483"
"1660","OTU_5174"
"1661","OTU_4502"
"1662","OTU_1138"
"1663","OTU_2500"
"1664","OTU_12541"
"1665","OTU_7153"
"1666","OTU_13309"
"1667","OTU_7124"
"1668","OTU_369"
"1669","OTU_4570"
"1670","OTU_870"
"1671","OTU_8369"
"1672","OTU_3075"
"1673","OTU_1089"
"1674","OTU_1878"
"1675","OTU_8848"
"1676","OTU_7504"
"1677","OTU_6109"
"1678","OTU_6382"
"1679","OTU_12293"
"1680","OTU_5807"
"1681","OTU_6882"
"1682","OTU_13154"
"1683","OTU_7712"
"1684","OTU_6117"
"1685","OTU_809"
"1686","OTU_6084"
"1687","OTU_8540"
"1688","OTU_2606"
"1689","OTU_6856"
"1690","OTU_5825"
"1691","OTU_13493"
"1692","OTU_6143"
"1693","OTU_6628"
"1694","OTU_2842"
"1695","OTU_1100"
"1696","OTU_12700"
"1697","OTU_1937"
"1698","OTU_13567"
"1699","OTU_11829"
"1700","OTU_4416"
"1701","OTU_2170"
"1702","OTU_3083"
"1703","OTU_3868"
"1704","OTU_450"
"1705","OTU_11748"
"1706","OTU_1295"
"1707","OTU_14322"
"1708","OTU_11463"
"1709","OTU_3728"
"1710","OTU_8069"
"1711","OTU_4897"
"1712","OTU_13744"
"1713","OTU_4474"
"1714","OTU_8229"
"1715","OTU_6132"
"1716","OTU_6581"
"1717","OTU_9346"
"1718","OTU_13880"
"1719","OTU_1453"
"1720","OTU_1715"
"1721","OTU_14040"
"1722","OTU_12205"
"1723","OTU_4973"
"1724","OTU_10676"
"1725","OTU_7859"
"1726","OTU_3733"
"1727","OTU_6694"
"1728","OTU_6552"
"1729","OTU_1875"
"1730","OTU_13212"
"1731","OTU_467"
"1732","OTU_117"
"1733","OTU_5487"
"1734","OTU_5994"
"1735","OTU_9924"
"1736","OTU_6051"
"1737","OTU_903"
"1738","OTU_13062"
"1739","OTU_2781"
"1740","OTU_5549"
"1741","OTU_5810"
"1742","OTU_6039"
"1743","OTU_13302"
"1744","OTU_1547"
"1745","OTU_9595"
"1746","OTU_8510"
"1747","OTU_3720"
"1748","OTU_1195"
"1749","OTU_11616"
"1750","OTU_9913"
"1751","OTU_4825"
"1752","OTU_3617"
"1753","OTU_4672"
"1754","OTU_1271"
"1755","OTU_6542"
"1756","OTU_6142"
"1757","OTU_7197"
"1758","OTU_3850"
"1759","OTU_6206"
"1760","OTU_6308"
"1761","OTU_2508"
"1762","OTU_2903"
"1763","OTU_12811"
"1764","OTU_9654"
"1765","OTU_13434"
"1766","OTU_5995"
"1767","OTU_5813"
"1768","OTU_3494"
"1769","OTU_10319"
"1770","OTU_1670"
"1771","OTU_5951"
"1772","OTU_3094"
"1773","OTU_1098"
"1774","OTU_3556"
"1775","OTU_11822"
"1776","OTU_5053"
"1777","OTU_2207"
"1778","OTU_10201"
"1779","OTU_753"
"1780","OTU_2293"
"1781","OTU_8361"
"1782","OTU_2446"
"1783","OTU_4421"
"1784","OTU_5488"
"1785","OTU_6531"
"1786","OTU_2004"
"1787","OTU_7791"
"1788","OTU_8699"
"1789","OTU_4506"
"1790","OTU_7580"
"1791","OTU_8197"
"1792","OTU_1907"
"1793","OTU_919"
"1794","OTU_9043"
"1795","OTU_5312"
"1796","OTU_469"
"1797","OTU_3695"
"1798","OTU_2224"
"1799","OTU_67"
"1800","OTU_1314"
"1801","OTU_3990"
"1802","OTU_7177"
"1803","OTU_4191"
"1804","OTU_8766"
"1805","OTU_182"
"1806","OTU_5292"
"1807","OTU_2718"
"1808","OTU_2426"
"1809","OTU_153"
"1810","OTU_3706"
"1811","OTU_2499"
"1812","OTU_7388"
"1813","OTU_7341"
"1814","OTU_3032"
"1815","OTU_1083"
"1816","OTU_7917"
"1817","OTU_3902"
"1818","OTU_1652"
"1819","OTU_2929"
"1820","OTU_2234"
"1821","OTU_241"
"1822","OTU_441"
"1823","OTU_8826"
"1824","OTU_13080"
"1825","OTU_436"
"1826","OTU_1713"
"1827","OTU_578"
"1828","OTU_932"
"1829","OTU_1767"
"1830","OTU_988"
"1831","OTU_243"
"1832","OTU_13549"
"1833","OTU_2270"
"1834","OTU_8516"
"1835","OTU_6243"
"1836","OTU_3460"
"1837","OTU_3775"
"1838","OTU_5247"
"1839","OTU_2420"
"1840","OTU_3303"
"1841","OTU_1990"
"1842","OTU_12"
"1843","OTU_2047"
"1844","OTU_3642"
"1845","OTU_223"
"1846","OTU_217"
"1847","OTU_897"
"1848","OTU_5644"
"1849","OTU_6926"
"1850","OTU_10300"
"1851","OTU_12048"
"1852","OTU_9686"
"1853","OTU_9012"
"1854","OTU_6069"
"1855","OTU_5872"
"1856","OTU_2567"
"1857","OTU_6092"
"1858","OTU_444"
"1859","OTU_11861"
"1860","OTU_3650"
"1861","OTU_12027"
"1862","OTU_9363"
"1863","OTU_1371"
"1864","OTU_10275"
"1865","OTU_6735"
"1866","OTU_6231"
"1867","OTU_5977"
"1868","OTU_12567"
"1869","OTU_3858"
"1870","OTU_3474"
"1871","OTU_8533"
"1872","OTU_9593"
"1873","OTU_9063"
"1874","OTU_6945"
"1875","OTU_6657"
"1876","OTU_3260"
"1877","OTU_1052"
"1878","OTU_59"
"1879","OTU_310"
"1880","OTU_2026"
"1881","OTU_1004"
"1882","OTU_927"
"1883","OTU_11943"
"1884","OTU_9188"
"1885","OTU_820"
"1886","OTU_2526"
"1887","OTU_9303"
"1888","OTU_204"
"1889","OTU_61"
"1890","OTU_541"
"1891","OTU_4542"
"1892","OTU_368"
"1893","OTU_435"
"1894","OTU_390"
"1895","OTU_13463"
"1896","OTU_9436"
"1897","OTU_212"
"1898","OTU_1895"
"1899","OTU_24"
"1900","OTU_485"
"1901","OTU_21"
"1902","OTU_853"
"1903","OTU_132"
"1904","OTU_179"
"1905","OTU_1390"
"1906","OTU_4607"
"1907","OTU_4451"
"1908","OTU_2789"
"1909","OTU_10089"
"1910","OTU_11997"
"1911","OTU_10153"
"1912","OTU_1761"
"1913","OTU_1127"
"1914","OTU_4095"
"1915","OTU_13040"
"1916","OTU_805"
"1917","OTU_1805"
"1918","OTU_30"
"1919","OTU_751"
"1920","OTU_13941"
"1921","OTU_92"
"1922","OTU_8856"
"1923","OTU_5169"
"1924","OTU_5820"
"1925","OTU_11821"
"1926","OTU_70"
"1927","OTU_4594"
"1928","OTU_270"
"1929","OTU_9344"
"1930","OTU_5894"
"1931","OTU_7446"
"1932","OTU_4692"
"1933","OTU_912"
"1934","OTU_3297"
"1935","OTU_5542"
"1936","OTU_1005"
"1937","OTU_5072"
"1938","OTU_1426"
"1939","OTU_1852"
"1940","OTU_2802"
"1941","OTU_309"
"1942","OTU_2768"
"1943","OTU_1152"
"1944","OTU_6799"
"1945","OTU_2017"
"1946","OTU_1131"
"1947","OTU_12037"
"1948","OTU_5786"
"1949","OTU_10173"
"1950","OTU_2312"
"1951","OTU_2065"
"1952","OTU_13602"
"1953","OTU_11641"
"1954","OTU_5304"
"1955","OTU_5295"
"1956","OTU_10647"
"1957","OTU_909"
"1958","OTU_4545"
"1959","OTU_4100"
"1960","OTU_1481"
"1961","OTU_403"
"1962","OTU_6529"
"1963","OTU_4053"
"1964","OTU_1484"
"1965","OTU_3413"
"1966","OTU_2109"
"1967","OTU_401"
"1968","OTU_5219"
"1969","OTU_5212"
"1970","OTU_379"
"1971","OTU_473"
"1972","OTU_11145"
"1973","OTU_4400"
"1974","OTU_1702"
"1975","OTU_13670"
"1976","OTU_161"
"1977","OTU_1201"
"1978","OTU_10922"
"1979","OTU_2654"
"1980","OTU_4621"
"1981","OTU_808"
"1982","OTU_1294"
"1983","OTU_9409"
"1984","OTU_488"
"1985","OTU_2590"
"1986","OTU_10517"
"1987","OTU_483"
"1988","OTU_2999"
"1989","OTU_447"
"1990","OTU_9148"
"1991","OTU_746"
"1992","OTU_5365"
"1993","OTU_1915"
"1994","OTU_1237"
"1995","OTU_9381"
"1996","OTU_12937"
"1997","OTU_13495"
"1998","OTU_10086"
"1999","OTU_5701"
"2000","OTU_8836"
"2001","OTU_7298"
"2002","OTU_5189"
"2003","OTU_4773"
"2004","OTU_1007"
"2005","OTU_3662"
"2006","OTU_6698"
"2007","OTU_6897"
"2008","OTU_8844"
"2009","OTU_6660"
"2010","OTU_7057"
"2011","OTU_7729"
"2012","OTU_2599"
"2013","OTU_131"
"2014","OTU_457"
"2015","OTU_249"
"2016","OTU_3905"
"2017","OTU_4209"
"2018","OTU_402"
"2019","OTU_1135"
"2020","OTU_11367"
"2021","OTU_9411"
"2022","OTU_1071"
"2023","OTU_788"
"2024","OTU_3264"
"2025","OTU_12913"
"2026","OTU_2126"
"2027","OTU_1673"
"2028","OTU_806"
"2029","OTU_1110"
"2030","OTU_4284"
"2031","OTU_5123"
"2032","OTU_2891"
"2033","OTU_4009"
"2034","OTU_1697"
"2035","OTU_8220"
"2036","OTU_544"
"2037","OTU_5423"
"2038","OTU_8858"
"2039","OTU_11867"
"2040","OTU_115"
"2041","OTU_432"
"2042","OTU_7246"
"2043","OTU_12836"
"2044","OTU_1645"
"2045","OTU_10281"
"2046","OTU_828"
"2047","OTU_3021"
"2048","OTU_303"
"2049","OTU_8545"
"2050","OTU_3052"
"2051","OTU_7408"
"2052","OTU_3124"
"2053","OTU_434"
"2054","OTU_13919"
"2055","OTU_834"
"2056","OTU_5873"
"2057","OTU_5658"
"2058","OTU_13491"
"2059","OTU_2430"
"2060","OTU_474"
"2061","OTU_3281"
"2062","OTU_4711"
"2063","OTU_7676"
"2064","OTU_2694"
"2065","OTU_12983"
"2066","OTU_109"
"2067","OTU_260"
"2068","OTU_835"
"2069","OTU_2592"
"2070","OTU_2074"
"2071","OTU_11629"
"2072","OTU_3568"
"2073","OTU_218"
"2074","OTU_10384"
"2075","OTU_409"
"2076","OTU_7853"
"2077","OTU_1486"
"2078","OTU_4070"
"2079","OTU_1364"
"2080","OTU_9807"
"2081","OTU_12143"
"2082","OTU_12070"
"2083","OTU_3618"
"2084","OTU_1701"
"2085","OTU_2326"
"2086","OTU_5841"
"2087","OTU_562"
"2088","OTU_798"
"2089","OTU_792"
"2090","OTU_2018"
"2091","OTU_2155"
"2092","OTU_10735"
"2093","OTU_1747"
"2094","OTU_6376"
"2095","OTU_6014"
"2096","OTU_2489"
"2097","OTU_5380"
"2098","OTU_6032"
"2099","OTU_52"
"2100","OTU_10150"
"2101","OTU_5944"
"2102","OTU_5250"
"2103","OTU_3071"
"2104","OTU_2754"
"2105","OTU_543"
"2106","OTU_119"
"2107","OTU_1641"
"2108","OTU_2354"
"2109","OTU_229"
"2110","OTU_1950"
"2111","OTU_312"
"2112","OTU_2920"
"2113","OTU_12215"
"2114","OTU_11214"
"2115","OTU_3385"
"2116","OTU_737"
"2117","OTU_14123"
"2118","OTU_10501"
"2119","OTU_11694"
"2120","OTU_3808"
"2121","OTU_10811"
"2122","OTU_986"
"2123","OTU_5045"
"2124","OTU_51"
"2125","OTU_4183"
"2126","OTU_4707"
"2127","OTU_12866"
"2128","OTU_1595"
"2129","OTU_12635"
"2130","OTU_10287"
"2131","OTU_340"
"2132","OTU_9335"
"2133","OTU_5908"
"2134","OTU_10119"
"2135","OTU_2703"
"2136","OTU_3795"
"2137","OTU_6183"
"2138","OTU_1620"
"2139","OTU_677"
"2140","OTU_11003"
"2141","OTU_1217"
"2142","OTU_114"
"2143","OTU_1472"
"2144","OTU_2201"
"2145","OTU_13964"
"2146","OTU_7879"
"2147","OTU_1176"
"2148","OTU_3322"
"2149","OTU_5485"
"2150","OTU_1804"
"2151","OTU_17"
"2152","OTU_4716"
"2153","OTU_3692"
"2154","OTU_9214"
"2155","OTU_458"
"2156","OTU_1327"
"2157","OTU_6413"
"2158","OTU_155"
"2159","OTU_9127"
"2160","OTU_1363"
"2161","OTU_7665"
"2162","OTU_2355"
"2163","OTU_8491"
"2164","OTU_3224"
"2165","OTU_14127"
"2166","OTU_3409"
"2167","OTU_5816"
"2168","OTU_2931"
"2169","OTU_2873"
"2170","OTU_8281"
"2171","OTU_1454"
"2172","OTU_7839"
"2173","OTU_1081"
"2174","OTU_1212"
"2175","OTU_11642"
"2176","OTU_1017"
"2177","OTU_1668"
"2178","OTU_2846"
"2179","OTU_5210"
"2180","OTU_232"
"2181","OTU_8760"
"2182","OTU_10713"
"2183","OTU_9804"
"2184","OTU_2073"
"2185","OTU_8178"
"2186","OTU_3407"
"2187","OTU_206"
"2188","OTU_4051"
"2189","OTU_665"
"2190","OTU_181"
"2191","OTU_5289"
"2192","OTU_101"
"2193","OTU_8878"
"2194","OTU_8437"
"2195","OTU_526"
"2196","OTU_4931"
"2197","OTU_12052"
"2198","OTU_10290"
"2199","OTU_838"
"2200","OTU_3809"
"2201","OTU_1403"
"2202","OTU_4728"
"2203","OTU_4427"
"2204","OTU_80"
"2205","OTU_3579"
"2206","OTU_5645"
"2207","OTU_1253"
"2208","OTU_278"
"2209","OTU_2119"
"2210","OTU_1333"
"2211","OTU_6474"
"2212","OTU_1836"
"2213","OTU_462"
"2214","OTU_5225"
"2215","OTU_9299"
"2216","OTU_1792"
"2217","OTU_374"
"2218","OTU_560"
"2219","OTU_961"
"2220","OTU_4888"
"2221","OTU_82"
"2222","OTU_1302"
"2223","OTU_4949"
"2224","OTU_292"
"2225","OTU_40"
"2226","OTU_1420"
"2227","OTU_2385"
"2228","OTU_4269"
"2229","OTU_398"
"2230","OTU_1494"
"2231","OTU_4322"
"2232","OTU_4619"
"2233","OTU_388"
"2234","OTU_2852"
"2235","OTU_5283"
"2236","OTU_13522"
"2237","OTU_6688"
"2238","OTU_4426"
"2239","OTU_6645"
"2240","OTU_7286"
"2241","OTU_6138"
"2242","OTU_5262"
"2243","OTU_5353"
"2244","OTU_2511"
"2245","OTU_2559"
"2246","OTU_4653"
"2247","OTU_10396"
"2248","OTU_4945"
"2249","OTU_5103"
"2250","OTU_6499"
"2251","OTU_3365"
"2252","OTU_4490"
"2253","OTU_11624"
"2254","OTU_910"
"2255","OTU_5120"
"2256","OTU_1692"
"2257","OTU_1416"
"2258","OTU_2368"
"2259","OTU_4932"
"2260","OTU_591"
"2261","OTU_5141"
"2262","OTU_5115"
"2263","OTU_6867"
"2264","OTU_9730"
"2265","OTU_14011"
"2266","OTU_2374"
"2267","OTU_2563"
"2268","OTU_4162"
"2269","OTU_4984"
"2270","OTU_13570"
"2271","OTU_5662"
"2272","OTU_6262"
"2273","OTU_2566"
"2274","OTU_408"
"2275","OTU_4639"
"2276","OTU_11237"
"2277","OTU_1037"
"2278","OTU_6536"
"2279","OTU_85"
"2280","OTU_558"
"2281","OTU_576"
"2282","OTU_1139"
"2283","OTU_7106"
"2284","OTU_4650"
"2285","OTU_758"
"2286","OTU_240"
"2287","OTU_33"
"2288","OTU_1096"
"2289","OTU_779"
"2290","OTU_13419"
"2291","OTU_648"
"2292","OTU_1972"
"2293","OTU_1956"
"2294","OTU_1219"
"2295","OTU_130"
"2296","OTU_164"
"2297","OTU_5457"
"2298","OTU_5426"
"2299","OTU_759"
"2300","OTU_13373"
"2301","OTU_1358"
"2302","OTU_1157"
"2303","OTU_8982"
"2304","OTU_4246"
"2305","OTU_9351"
"2306","OTU_500"
"2307","OTU_8711"
"2308","OTU_2402"
"2309","OTU_10367"
"2310","OTU_8651"
"2311","OTU_2636"
"2312","OTU_10464"
"2313","OTU_2128"
"2314","OTU_1084"
"2315","OTU_2796"
"2316","OTU_5603"
"2317","OTU_8588"
"2318","OTU_12069"
"2319","OTU_4353"
"2320","OTU_2425"
"2321","OTU_3496"
"2322","OTU_4578"
"2323","OTU_7077"
"2324","OTU_10720"
"2325","OTU_12209"
"2326","OTU_12609"
"2327","OTU_250"
"2328","OTU_5997"
"2329","OTU_7407"
"2330","OTU_9769"
"2331","OTU_6532"
"2332","OTU_5284"
"2333","OTU_6398"
"2334","OTU_1598"
"2335","OTU_11142"
"2336","OTU_4812"
"2337","OTU_136"
"2338","OTU_13721"
"2339","OTU_4651"
"2340","OTU_1667"
"2341","OTU_5806"
"2342","OTU_1642"
"2343","OTU_5369"
"2344","OTU_5166"
"2345","OTU_5164"
"2346","OTU_6287"
"2347","OTU_14086"
"2348","OTU_4786"
"2349","OTU_12807"
"2350","OTU_384"
"2351","OTU_5808"
"2352","OTU_869"
"2353","OTU_1502"
"2354","OTU_2621"
"2355","OTU_701"
"2356","OTU_5543"
"2357","OTU_928"
"2358","OTU_5094"
"2359","OTU_3444"
"2360","OTU_1535"
"2361","OTU_13923"
"2362","OTU_124"
"2363","OTU_611"
"2364","OTU_5033"
"2365","OTU_2516"
"2366","OTU_1330"
"2367","OTU_6080"
"2368","OTU_12426"
"2369","OTU_5177"
"2370","OTU_9592"
"2371","OTU_3979"
"2372","OTU_5163"
"2373","OTU_10062"
"2374","OTU_1822"
"2375","OTU_619"
"2376","OTU_629"
"2377","OTU_9784"
"2378","OTU_4635"
"2379","OTU_12315"
"2380","OTU_7101"
"2381","OTU_4303"
"2382","OTU_5097"
"2383","OTU_5257"
"2384","OTU_3959"
"2385","OTU_4397"
"2386","OTU_248"
"2387","OTU_11162"
"2388","OTU_5350"
"2389","OTU_6453"
"2390","OTU_6457"
"2391","OTU_1563"
"2392","OTU_2760"
"2393","OTU_6222"
"2394","OTU_185"
"2395","OTU_1933"
"2396","OTU_12406"
"2397","OTU_1517"
"2398","OTU_10094"
"2399","OTU_3049"
"2400","OTU_4750"
"2401","OTU_10781"
"2402","OTU_497"
"2403","OTU_6534"
"2404","OTU_6561"
"2405","OTU_3247"
"2406","OTU_5318"
"2407","OTU_12727"
"2408","OTU_1557"
"2409","OTU_6122"
"2410","OTU_2334"
"2411","OTU_2084"
"2412","OTU_6060"
"2413","OTU_13347"
"2414","OTU_4709"
"2415","OTU_6334"
"2416","OTU_2835"
"2417","OTU_6001"
"2418","OTU_1435"
"2419","OTU_3677"
"2420","OTU_12419"
"2421","OTU_1816"
"2422","OTU_3693"
"2423","OTU_9103"
"2424","OTU_2607"
"2425","OTU_6701"
"2426","OTU_1203"
"2427","OTU_8358"
"2428","OTU_3559"
"2429","OTU_1190"
"2430","OTU_1987"
"2431","OTU_3064"
"2432","OTU_1310"
"2433","OTU_1421"
"2434","OTU_999"
"2435","OTU_13771"
"2436","OTU_3031"
"2437","OTU_416"
"2438","OTU_3178"
"2439","OTU_1191"
"2440","OTU_7308"
"2441","OTU_5710"
"2442","OTU_305"
"2443","OTU_2564"
"2444","OTU_8917"
"2445","OTU_1275"
"2446","OTU_1754"
"2447","OTU_3465"
"2448","OTU_393"
"2449","OTU_2771"
"2450","OTU_5884"
"2451","OTU_8401"
"2452","OTU_3626"
"2453","OTU_12081"
"2454","OTU_7013"
"2455","OTU_7573"
"2456","OTU_13755"
"2457","OTU_5891"
"2458","OTU_2596"
"2459","OTU_2372"
"2460","OTU_477"
"2461","OTU_1077"
"2462","OTU_3130"
"2463","OTU_503"
"2464","OTU_1785"
"2465","OTU_11799"
"2466","OTU_8139"
"2467","OTU_45"
"2468","OTU_423"
"2469","OTU_1519"
"2470","OTU_28"
"2471","OTU_12149"
"2472","OTU_1587"
"2473","OTU_6942"
"2474","OTU_1844"
"2475","OTU_6861"
"2476","OTU_3477"
"2477","OTU_3943"
"2478","OTU_605"
"2479","OTU_322"
"2480","OTU_1252"
"2481","OTU_726"
"2482","OTU_5466"
"2483","OTU_9619"
"2484","OTU_12482"
"2485","OTU_3999"
"2486","OTU_13220"
"2487","OTU_5498"
"2488","OTU_966"
"2489","OTU_1599"
"2490","OTU_134"
"2491","OTU_2915"
"2492","OTU_6086"
"2493","OTU_620"
"2494","OTU_10334"
"2495","OTU_2709"
"2496","OTU_4318"
"2497","OTU_4691"
"2498","OTU_3015"
"2499","OTU_1647"
"2500","OTU_880"
"2501","OTU_8517"
"2502","OTU_10307"
"2503","OTU_5918"
"2504","OTU_945"
"2505","OTU_646"
"2506","OTU_10775"
"2507","OTU_11"
"2508","OTU_685"
"2509","OTU_3216"
"2510","OTU_1266"
"2511","OTU_286"
"2512","OTU_826"
"2513","OTU_2608"
"2514","OTU_9540"
"2515","OTU_1923"
"2516","OTU_2350"
"2517","OTU_672"
"2518","OTU_8447"
"2519","OTU_13798"
"2520","OTU_13793"
"2521","OTU_10301"
"2522","OTU_2027"
"2523","OTU_12176"
"2524","OTU_11596"
"2525","OTU_7089"
"2526","OTU_8182"
"2527","OTU_46"
"2528","OTU_106"
"2529","OTU_3754"
"2530","OTU_10"
"2531","OTU_2317"
"2532","OTU_11126"
"2533","OTU_12948"
"2534","OTU_2362"
"2535","OTU_613"
"2536","OTU_736"
"2537","OTU_4448"
"2538","OTU_755"
"2539","OTU_47"
"2540","OTU_2019"
"2541","OTU_5248"
"2542","OTU_88"
"2543","OTU_819"
"2544","OTU_470"
"2545","OTU_6920"
"2546","OTU_137"
"2547","OTU_2098"
"2548","OTU_4280"
"2549","OTU_9587"
"2550","OTU_91"
"2551","OTU_3673"
"2552","OTU_158"
"2553","OTU_219"
"2554","OTU_1698"
"2555","OTU_1343"
"2556","OTU_4467"
"2557","OTU_2797"
"2558","OTU_6148"
"2559","OTU_4566"
"2560","OTU_13704"
"2561","OTU_8300"
"2562","OTU_8465"
"2563","OTU_895"
"2564","OTU_971"
"2565","OTU_724"
"2566","OTU_1980"
"2567","OTU_5401"
"2568","OTU_6512"
"2569","OTU_6663"
"2570","OTU_1929"
"2571","OTU_2744"
"2572","OTU_3678"
"2573","OTU_6595"
"2574","OTU_4952"
"2575","OTU_5305"
"2576","OTU_9122"
"2577","OTU_2524"
"2578","OTU_3989"
"2579","OTU_4665"
"2580","OTU_10850"
"2581","OTU_13756"
"2582","OTU_8336"
"2583","OTU_5341"
"2584","OTU_9502"
"2585","OTU_14008"
"2586","OTU_3349"
"2587","OTU_13614"
"2588","OTU_461"
"2589","OTU_69"
"2590","OTU_11288"
"2591","OTU_12695"
"2592","OTU_377"
"2593","OTU_1323"
"2594","OTU_9462"
"2595","OTU_13070"
"2596","OTU_4804"
"2597","OTU_315"
"2598","OTU_683"
"2599","OTU_2400"
"2600","OTU_12095"
"2601","OTU_8350"
"2602","OTU_2484"
"2603","OTU_8754"
"2604","OTU_1623"
"2605","OTU_4605"
"2606","OTU_6081"
"2607","OTU_11638"
"2608","OTU_748"
"2609","OTU_4316"
"2610","OTU_3747"
"2611","OTU_4618"
"2612","OTU_1475"
"2613","OTU_31"
"2614","OTU_684"
"2615","OTU_6065"
"2616","OTU_768"
"2617","OTU_22"
"2618","OTU_9526"
"2619","OTU_479"
"2620","OTU_13848"
"2621","OTU_2496"
"2622","OTU_4943"
"2623","OTU_6409"
"2624","OTU_6426"
"2625","OTU_2926"
"2626","OTU_2701"
"2627","OTU_2739"
"2628","OTU_224"
"2629","OTU_1674"
"2630","OTU_1095"
"2631","OTU_636"
"2632","OTU_4513"
"2633","OTU_1349"
"2634","OTU_220"
"2635","OTU_1646"
"2636","OTU_6459"
"2637","OTU_392"
"2638","OTU_4469"
"2639","OTU_3242"
"2640","OTU_4194"
"2641","OTU_9875"
"2642","OTU_13632"
"2643","OTU_356"
"2644","OTU_4648"
"2645","OTU_4147"
"2646","OTU_350"
"2647","OTU_2366"
"2648","OTU_319"
"2649","OTU_5791"
"2650","OTU_1070"
"2651","OTU_8782"
"2652","OTU_9528"
"2653","OTU_9247"
"2654","OTU_12204"
"2655","OTU_1861"
"2656","OTU_358"
"2657","OTU_6059"
"2658","OTU_2558"
"2659","OTU_247"
"2660","OTU_2316"
"2661","OTU_795"
"2662","OTU_1026"
"2663","OTU_7053"
"2664","OTU_5384"
"2665","OTU_12197"
"2666","OTU_2830"
"2667","OTU_1078"
"2668","OTU_381"
"2669","OTU_4601"
"2670","OTU_476"
"2671","OTU_1995"
"2672","OTU_2313"
"2673","OTU_6689"
"2674","OTU_54"
"2675","OTU_721"
"2676","OTU_3852"
"2677","OTU_1868"
"2678","OTU_2083"
"2679","OTU_4048"
"2680","OTU_39"
"2681","OTU_9314"
"2682","OTU_3301"
"2683","OTU_1466"
"2684","OTU_5517"
"2685","OTU_1898"
"2686","OTU_781"
"2687","OTU_10607"
"2688","OTU_955"
"2689","OTU_2390"
"2690","OTU_3457"
"2691","OTU_13455"
"2692","OTU_443"
"2693","OTU_8485"
"2694","OTU_13115"
"2695","OTU_1289"
"2696","OTU_75"
"2697","OTU_11378"
"2698","OTU_1800"
"2699","OTU_12666"
"2700","OTU_1053"
"2701","OTU_1060"
"2702","OTU_3481"
"2703","OTU_13594"
"2704","OTU_10440"
"2705","OTU_3033"
"2706","OTU_1086"
"2707","OTU_4941"
"2708","OTU_1036"
"2709","OTU_3472"
"2710","OTU_4688"
"2711","OTU_1282"
"2712","OTU_3361"
"2713","OTU_289"
"2714","OTU_94"
"2715","OTU_6365"
"2716","OTU_7269"
"2717","OTU_555"
"2718","OTU_1568"
"2719","OTU_5387"
"2720","OTU_707"
"2721","OTU_12253"
"2722","OTU_1501"
"2723","OTU_3817"
"2724","OTU_3786"
"2725","OTU_357"
"2726","OTU_2015"
"2727","OTU_50"
"2728","OTU_496"
"2729","OTU_111"
"2730","OTU_10764"
"2731","OTU_98"
"2732","OTU_4967"
"2733","OTU_3314"
"2734","OTU_1759"
"2735","OTU_7065"
"2736","OTU_275"
"2737","OTU_2058"
"2738","OTU_195"
"2739","OTU_5395"
"2740","OTU_13742"
"2741","OTU_2427"
"2742","OTU_2376"
"2743","OTU_1112"
"2744","OTU_983"
"2745","OTU_5117"
"2746","OTU_6203"
"2747","OTU_656"
"2748","OTU_11690"
"2749","OTU_1515"
"2750","OTU_320"
"2751","OTU_2056"
"2752","OTU_5277"
"2753","OTU_399"
"2754","OTU_4049"
"2755","OTU_926"
"2756","OTU_4852"
"2757","OTU_2821"
"2758","OTU_102"
"2759","OTU_830"
"2760","OTU_3895"
"2761","OTU_4702"
"2762","OTU_1550"
"2763","OTU_6115"
"2764","OTU_11547"
"2765","OTU_3835"
"2766","OTU_511"
"2767","OTU_1720"
"2768","OTU_13012"
"2769","OTU_1653"
"2770","OTU_585"
"2771","OTU_1708"
"2772","OTU_604"
"2773","OTU_1865"
"2774","OTU_1428"
"2775","OTU_2346"
"2776","OTU_2601"
"2777","OTU_1261"
"2778","OTU_13088"
"2779","OTU_1315"
"2780","OTU_1187"
"2781","OTU_13423"
"2782","OTU_7472"
"2783","OTU_308"
"2784","OTU_3108"
"2785","OTU_6965"
"2786","OTU_2597"
"2787","OTU_1553"
"2788","OTU_341"
"2789","OTU_10363"
"2790","OTU_934"
"2791","OTU_8762"
"2792","OTU_14031"
"2793","OTU_300"
"2794","OTU_3366"
"2795","OTU_1560"
"2796","OTU_2409"
"2797","OTU_23"
"2798","OTU_317"
"2799","OTU_767"
"2800","OTU_13471"
"2801","OTU_1636"
"2802","OTU_62"
"2803","OTU_196"
"2804","OTU_730"
"2805","OTU_9865"
"2806","OTU_565"
"2807","OTU_421"
"2808","OTU_11191"
"2809","OTU_10025"
"2810","OTU_1099"
"2811","OTU_589"
"2812","OTU_272"
"2813","OTU_252"
"2814","OTU_2411"
"2815","OTU_13986"
"2816","OTU_2344"
"2817","OTU_5492"
"2818","OTU_420"
"2819","OTU_314"
"2820","OTU_6410"
"2821","OTU_2880"
"2822","OTU_727"
"2823","OTU_1039"
"2824","OTU_4684"
"2825","OTU_1092"
"2826","OTU_1238"
"2827","OTU_774"
"2828","OTU_2537"
"2829","OTU_471"
"2830","OTU_2112"
"2831","OTU_189"
"2832","OTU_2069"
"2833","OTU_4226"
"2834","OTU_472"
"2835","OTU_7766"
"2836","OTU_1671"
"2837","OTU_3881"
"2838","OTU_2228"
"2839","OTU_4061"
"2840","OTU_4244"
"2841","OTU_545"
"2842","OTU_5856"
"2843","OTU_2210"
"2844","OTU_1148"
"2845","OTU_253"
"2846","OTU_5787"
"2847","OTU_3790"
"2848","OTU_4860"
"2849","OTU_10721"
"2850","OTU_2712"
"2851","OTU_2808"
"2852","OTU_396"
"2853","OTU_8506"
"2854","OTU_2272"
"2855","OTU_2102"
"2856","OTU_3571"
"2857","OTU_2159"
"2858","OTU_3022"
"2859","OTU_4404"
"2860","OTU_14197"
"2861","OTU_1227"
"2862","OTU_2088"
"2863","OTU_4678"
"2864","OTU_1326"
"2865","OTU_5600"
"2866","OTU_821"
"2867","OTU_2863"
"2868","OTU_11335"
"2869","OTU_11972"
"2870","OTU_2720"
"2871","OTU_3787"
"2872","OTU_5509"
"2873","OTU_2884"
"2874","OTU_4281"
"2875","OTU_169"
"2876","OTU_73"
"2877","OTU_632"
"2878","OTU_5"
"2879","OTU_1337"
"2880","OTU_14302"
"2881","OTU_5400"
"2882","OTU_7951"
"2883","OTU_2584"
"2884","OTU_4311"
"2885","OTU_10193"
"2886","OTU_3869"
"2887","OTU_836"
"2888","OTU_4338"
"2889","OTU_5500"
"2890","OTU_1776"
"2891","OTU_2335"
"2892","OTU_2451"
"2893","OTU_113"
"2894","OTU_676"
"2895","OTU_3829"
"2896","OTU_1396"
"2897","OTU_11445"
"2898","OTU_18"
"2899","OTU_2733"
"2900","OTU_1384"
"2901","OTU_1336"
"2902","OTU_2263"
"2903","OTU_827"
"2904","OTU_442"
"2905","OTU_2175"
"2906","OTU_3215"
"2907","OTU_55"
"2908","OTU_3525"
"2909","OTU_2517"
"2910","OTU_72"
"2911","OTU_3209"
"2912","OTU_12637"
"2913","OTU_564"
"2914","OTU_233"
"2915","OTU_1717"
"2916","OTU_3876"
"2917","OTU_514"
"2918","OTU_1727"
"2919","OTU_5170"
"2920","OTU_12033"
"2921","OTU_2721"
"2922","OTU_6669"
"2923","OTU_906"
"2924","OTU_1149"
"2925","OTU_942"
"2926","OTU_4247"
"2927","OTU_894"
"2928","OTU_65"
"2929","OTU_6043"
"2930","OTU_6970"
"2931","OTU_4463"
"2932","OTU_4050"
"2933","OTU_2616"
"2934","OTU_1899"
"2935","OTU_6411"
"2936","OTU_5142"
"2937","OTU_11419"
"2938","OTU_103"
"2939","OTU_602"
"2940","OTU_1545"
"2941","OTU_9963"
"2942","OTU_5927"
"2943","OTU_537"
"2944","OTU_1283"
"2945","OTU_2671"
"2946","OTU_5867"
"2947","OTU_5008"
"2948","OTU_4813"
"2949","OTU_2519"
"2950","OTU_5434"
"2951","OTU_5331"
"2952","OTU_794"
"2953","OTU_5089"
"2954","OTU_2167"
"2955","OTU_1496"
"2956","OTU_616"
"2957","OTU_294"
"2958","OTU_4131"
"2959","OTU_13222"
"2960","OTU_4325"
"2961","OTU_12287"
"2962","OTU_2439"
"2963","OTU_12357"
"2964","OTU_5143"
"2965","OTU_3408"
"2966","OTU_9118"
"2967","OTU_4043"
"2968","OTU_8780"
"2969","OTU_1280"
"2970","OTU_761"
"2971","OTU_1360"
"2972","OTU_175"
"2973","OTU_11779"
"2974","OTU_1735"
"2975","OTU_4714"
"2976","OTU_5356"
"2977","OTU_1634"
"2978","OTU_14180"
"2979","OTU_1374"
"2980","OTU_10205"
"2981","OTU_7358"
"2982","OTU_13"
"2983","OTU_269"
"2984","OTU_3670"
"2985","OTU_2792"
"2986","OTU_2173"
"2987","OTU_3919"
"2988","OTU_4253"
"2989","OTU_4396"
"2990","OTU_238"
"2991","OTU_14222"
"2992","OTU_13597"
"2993","OTU_3761"
"2994","OTU_1222"
"2995","OTU_8988"
"2996","OTU_11791"
"2997","OTU_288"
"2998","OTU_1461"
"2999","OTU_690"
"3000","OTU_3879"
